Round,Algorithm,Observation,Guess,Correct Label,Is Correct,Time Taken
1,RandomGuessAlgorithm,210010120,3,0,0,0.0009758472442626953
1,OnlyZerosAlgorithm,210010120,0,0,1,0.001138925552368164
1,MultiArmedBanditAlgorithm,210010120,0,0,1,0.00093841552734375
1,MAMLReptileAlgorithm,210010120,3,0,0,0.0009765625
1,SATAlgorithm,210010120,0,0,1,0.0009758472442626953
2,RandomGuessAlgorithm,111002212,0,1,0,0.0
2,OnlyZerosAlgorithm,111002212,0,1,0,0.0009768009185791016
2,MultiArmedBanditAlgorithm,111002212,2,1,0,0.0009765625
2,MAMLReptileAlgorithm,111002212,3,1,0,0.0029289722442626953
2,SATAlgorithm,111002212,0,1,0,0.00390625
3,RandomGuessAlgorithm,110200200,3,0,0,0.0009768009185791016
3,OnlyZerosAlgorithm,110200200,0,0,1,0.0
3,MultiArmedBanditAlgorithm,110200200,0,0,1,0.0009763240814208984
3,MAMLReptileAlgorithm,110200200,3,0,0,0.0019526481628417969
3,SATAlgorithm,110200200,0,0,1,0.0029306411743164062
4,RandomGuessAlgorithm,021021210,3,0,0,0.0009760856628417969
4,OnlyZerosAlgorithm,021021210,0,0,1,0.0009768009185791016
4,MultiArmedBanditAlgorithm,021021210,0,0,1,0.0
4,MAMLReptileAlgorithm,021021210,3,0,0,0.0039052963256835938
4,SATAlgorithm,021021210,0,0,1,0.0029304027557373047
5,RandomGuessAlgorithm,122011120,1,0,0,0.0
5,OnlyZerosAlgorithm,122011120,0,0,1,0.0009758472442626953
5,MultiArmedBanditAlgorithm,122011120,1,0,0,0.0
5,MAMLReptileAlgorithm,122011120,3,0,0,0.0029299259185791016
5,SATAlgorithm,122011120,0,0,1,0.0029296875
6,RandomGuessAlgorithm,101022010,2,0,0,0.0009779930114746094
6,OnlyZerosAlgorithm,101022010,0,0,1,0.0
6,MultiArmedBanditAlgorithm,101022010,0,0,1,0.0009751319885253906
6,MAMLReptileAlgorithm,101022010,3,0,0,0.0039119720458984375
6,SATAlgorithm,101022010,0,0,1,0.0029296875
7,RandomGuessAlgorithm,202120011,0,0,1,0.0009777545928955078
7,OnlyZerosAlgorithm,202120011,0,0,1,0.0
7,MultiArmedBanditAlgorithm,202120011,0,0,1,0.0009758472442626953
7,MAMLReptileAlgorithm,202120011,3,0,0,0.004888772964477539
7,SATAlgorithm,202120011,0,0,1,0.0029294490814208984
8,RandomGuessAlgorithm,022120110,0,0,1,0.0
8,OnlyZerosAlgorithm,022120110,0,0,1,0.0009772777557373047
8,MultiArmedBanditAlgorithm,022120110,0,0,1,0.0
8,MAMLReptileAlgorithm,022120110,3,0,0,0.006834983825683594
8,SATAlgorithm,022120110,0,0,1,0.002929210662841797
9,RandomGuessAlgorithm,000212001,1,0,0,0.0009839534759521484
9,OnlyZerosAlgorithm,000212001,0,0,1,0.0009696483612060547
9,MultiArmedBanditAlgorithm,000212001,3,0,0,0.0
9,MAMLReptileAlgorithm,000212001,3,0,0,0.006841421127319336
9,SATAlgorithm,000212001,0,0,1,0.002929210662841797
10,RandomGuessAlgorithm,101122020,1,0,0,0.0009772777557373047
10,OnlyZerosAlgorithm,101122020,0,0,1,0.0
10,MultiArmedBanditAlgorithm,101122020,0,0,1,0.0009758472442626953
10,MAMLReptileAlgorithm,101122020,0,0,1,0.006842136383056641
10,SATAlgorithm,101122020,0,0,1,0.0029289722442626953
11,RandomGuessAlgorithm,002011000,3,0,0,0.0009770393371582031
11,OnlyZerosAlgorithm,002011000,0,0,1,0.0
11,MultiArmedBanditAlgorithm,002011000,0,0,1,0.0009763240814208984
11,MAMLReptileAlgorithm,002011000,0,0,1,0.007812023162841797
11,SATAlgorithm,002011000,0,0,1,0.003907442092895508
12,RandomGuessAlgorithm,011012202,0,0,1,0.0
12,OnlyZerosAlgorithm,011012202,0,0,1,0.0009760856628417969
12,MultiArmedBanditAlgorithm,011012202,4,0,0,0.0
12,MAMLReptileAlgorithm,011012202,0,0,1,0.008788347244262695
12,SATAlgorithm,011012202,0,0,1,0.0039060115814208984
13,RandomGuessAlgorithm,100102102,3,1,0,0.0009770393371582031
13,OnlyZerosAlgorithm,100102102,0,1,0,0.0
13,MultiArmedBanditAlgorithm,100102102,0,1,0,0.0
13,MAMLReptileAlgorithm,100102102,0,1,0,0.009763717651367188
13,SATAlgorithm,100102102,0,1,0,0.0029299259185791016
14,RandomGuessAlgorithm,101221012,3,0,0,0.0009770393371582031
14,OnlyZerosAlgorithm,101221012,0,0,1,0.0009768009185791016
14,MultiArmedBanditAlgorithm,101221012,0,0,1,0.0
14,MAMLReptileAlgorithm,101221012,0,0,1,0.009763717651367188
14,SATAlgorithm,101221012,0,0,1,0.0039060115814208984
15,RandomGuessAlgorithm,201201112,4,0,0,0.0
15,OnlyZerosAlgorithm,201201112,0,0,1,0.0009779930114746094
15,MultiArmedBanditAlgorithm,201201112,0,0,1,0.0
15,MAMLReptileAlgorithm,201201112,0,0,1,0.010230779647827148
15,SATAlgorithm,201201112,0,0,1,0.002930164337158203
16,RandomGuessAlgorithm,010120002,4,0,0,0.0
16,OnlyZerosAlgorithm,010120002,0,0,1,0.0009770393371582031
16,MultiArmedBanditAlgorithm,010120002,0,0,1,0.0
16,MAMLReptileAlgorithm,010120002,0,0,1,0.01171731948852539
16,SATAlgorithm,010120002,0,0,1,0.004883289337158203
17,RandomGuessAlgorithm,102010201,0,1,0,0.0009768009185791016
17,OnlyZerosAlgorithm,102010201,0,1,0,0.0
17,MultiArmedBanditAlgorithm,102010201,0,1,0,0.0
17,MAMLReptileAlgorithm,102010201,0,1,0,0.011716365814208984
17,SATAlgorithm,102010201,0,1,0,0.0039064884185791016
18,RandomGuessAlgorithm,010020021,0,0,1,0.0
18,OnlyZerosAlgorithm,010020021,0,0,1,0.0
18,MultiArmedBanditAlgorithm,010020021,4,0,0,0.0
18,MAMLReptileAlgorithm,010020021,0,0,1,0.013671636581420898
18,SATAlgorithm,010020021,0,0,1,0.0039052963256835938
19,RandomGuessAlgorithm,021201001,3,1,0,0.0
19,OnlyZerosAlgorithm,021201001,0,1,0,0.0
19,MultiArmedBanditAlgorithm,021201001,3,1,0,0.0009777545928955078
19,MAMLReptileAlgorithm,021201001,0,1,0,0.01855158805847168
19,SATAlgorithm,021201001,0,1,0,0.003905773162841797
20,RandomGuessAlgorithm,210000201,3,0,0,0.0009772777557373047
20,OnlyZerosAlgorithm,210000201,0,0,1,0.0
20,MultiArmedBanditAlgorithm,210000201,0,0,1,0.0
20,MAMLReptileAlgorithm,210000201,0,0,1,0.014647960662841797
20,SATAlgorithm,210000201,0,0,1,0.004881858825683594
21,RandomGuessAlgorithm,002110021,0,0,1,0.0009765625
21,OnlyZerosAlgorithm,002110021,0,0,1,0.0
21,MultiArmedBanditAlgorithm,002110021,0,0,1,0.0
21,MAMLReptileAlgorithm,002110021,0,0,1,0.014647483825683594
21,SATAlgorithm,002110021,0,0,1,0.00390625
22,RandomGuessAlgorithm,002211000,4,0,0,0.0009763240814208984
22,OnlyZerosAlgorithm,002211000,0,0,1,0.0009765625
22,MultiArmedBanditAlgorithm,002211000,0,0,1,0.0009765625
22,MAMLReptileAlgorithm,002211000,0,0,1,0.014647245407104492
22,SATAlgorithm,002211000,0,0,1,0.0029294490814208984
23,RandomGuessAlgorithm,001102122,4,0,0,0.0
23,OnlyZerosAlgorithm,001102122,0,0,1,0.0009760856628417969
23,MultiArmedBanditAlgorithm,001102122,0,0,1,0.0009770393371582031
23,MAMLReptileAlgorithm,001102122,0,0,1,0.01562356948852539
23,SATAlgorithm,001102122,0,0,1,0.00390625
24,RandomGuessAlgorithm,011022010,3,0,0,0.0009765625
24,OnlyZerosAlgorithm,011022010,0,0,1,0.0
24,MultiArmedBanditAlgorithm,011022010,0,0,1,0.0
24,MAMLReptileAlgorithm,011022010,0,0,1,0.016600608825683594
24,SATAlgorithm,011022010,0,0,1,0.0039060115814208984
25,RandomGuessAlgorithm,210000112,1,0,0,0.0
25,OnlyZerosAlgorithm,210000112,0,0,1,0.0009777545928955078
25,MultiArmedBanditAlgorithm,210000112,0,0,1,0.0009765625
25,MAMLReptileAlgorithm,210000112,0,0,1,0.01659870147705078
25,SATAlgorithm,210000112,0,0,1,0.0039064884185791016
26,RandomGuessAlgorithm,020010100,3,0,0,0.0
26,OnlyZerosAlgorithm,020010100,0,0,1,0.0009777545928955078
26,MultiArmedBanditAlgorithm,020010100,0,0,1,0.0009753704071044922
26,MAMLReptileAlgorithm,020010100,0,0,1,0.01757645606994629
26,SATAlgorithm,020010100,0,0,1,0.002929210662841797
27,RandomGuessAlgorithm,001002100,1,0,0,0.0
27,OnlyZerosAlgorithm,001002100,0,0,1,0.0009765625
27,MultiArmedBanditAlgorithm,001002100,0,0,1,0.0
27,MAMLReptileAlgorithm,001002100,0,0,1,0.01757669448852539
27,SATAlgorithm,001002100,0,0,1,0.00390625
28,RandomGuessAlgorithm,121221120,0,2,0,0.0
28,OnlyZerosAlgorithm,121221120,0,2,0,0.0
28,MultiArmedBanditAlgorithm,121221120,0,2,0,0.0009765625
28,MAMLReptileAlgorithm,121221120,0,2,0,0.018553495407104492
28,SATAlgorithm,121221120,0,2,0,0.0029289722442626953
29,RandomGuessAlgorithm,101202121,0,0,1,0.0
29,OnlyZerosAlgorithm,101202121,0,0,1,0.0009763240814208984
29,MultiArmedBanditAlgorithm,101202121,0,0,1,0.0
29,MAMLReptileAlgorithm,101202121,0,0,1,0.018559694290161133
29,SATAlgorithm,101202121,0,0,1,0.0039060115814208984
30,RandomGuessAlgorithm,100012012,4,0,0,0.0
30,OnlyZerosAlgorithm,100012012,0,0,1,0.0009763240814208984
30,MultiArmedBanditAlgorithm,100012012,0,0,1,0.0
30,MAMLReptileAlgorithm,100012012,0,0,1,0.020512819290161133
30,SATAlgorithm,100012012,0,0,1,0.003911733627319336
31,RandomGuessAlgorithm,010120122,4,0,0,0.0
31,OnlyZerosAlgorithm,010120122,0,0,1,0.0
31,MultiArmedBanditAlgorithm,010120122,0,0,1,0.0009763240814208984
31,MAMLReptileAlgorithm,010120122,0,0,1,0.020513057708740234
31,SATAlgorithm,010120122,0,0,1,0.0039055347442626953
32,RandomGuessAlgorithm,011220010,3,0,0,0.000978708267211914
32,OnlyZerosAlgorithm,011220010,0,0,1,0.0
32,MultiArmedBanditAlgorithm,011220010,0,0,1,0.0009756088256835938
32,MAMLReptileAlgorithm,011220010,0,0,1,0.020519018173217773
32,SATAlgorithm,011220010,0,0,1,0.003948211669921875
33,RandomGuessAlgorithm,012110022,4,0,0,0.0009386539459228516
33,OnlyZerosAlgorithm,012110022,0,0,1,0.0009777545928955078
33,MultiArmedBanditAlgorithm,012110022,0,0,1,0.0
33,MAMLReptileAlgorithm,012110022,0,0,1,0.021486759185791016
33,SATAlgorithm,012110022,0,0,1,0.003906726837158203
34,RandomGuessAlgorithm,012201100,3,0,0,0.0009765625
34,OnlyZerosAlgorithm,012201100,0,0,1,0.0
34,MultiArmedBanditAlgorithm,012201100,0,0,1,0.0
34,MAMLReptileAlgorithm,012201100,0,0,1,0.022464752197265625
34,SATAlgorithm,012201100,0,0,1,0.00390625
35,RandomGuessAlgorithm,021122112,2,0,0,0.0009768009185791016
35,OnlyZerosAlgorithm,021122112,0,0,1,0.0
35,MultiArmedBanditAlgorithm,021122112,0,0,1,0.0
35,MAMLReptileAlgorithm,021122112,0,0,1,0.023830890655517578
35,SATAlgorithm,021122112,0,0,1,0.00390625
36,RandomGuessAlgorithm,002000001,1,0,0,0.0009593963623046875
36,OnlyZerosAlgorithm,002000001,0,0,1,0.0009450912475585938
36,MultiArmedBanditAlgorithm,002000001,0,0,1,0.0
36,MAMLReptileAlgorithm,002000001,0,0,1,0.023434162139892578
36,SATAlgorithm,002000001,0,0,1,0.0039081573486328125
37,RandomGuessAlgorithm,001102120,3,0,0,0.0009756088256835938
37,OnlyZerosAlgorithm,001102120,0,0,1,0.0
37,MultiArmedBanditAlgorithm,001102120,0,0,1,0.0009770393371582031
37,MAMLReptileAlgorithm,001102120,0,0,1,0.024411439895629883
37,SATAlgorithm,001102120,0,0,1,0.004882097244262695
38,RandomGuessAlgorithm,000021112,4,0,0,0.0009770393371582031
38,OnlyZerosAlgorithm,000021112,0,0,1,0.0009765625
38,MultiArmedBanditAlgorithm,000021112,0,0,1,0.0
38,MAMLReptileAlgorithm,000021112,0,0,1,0.025389671325683594
38,SATAlgorithm,000021112,0,0,1,0.003904581069946289
39,RandomGuessAlgorithm,212020110,0,0,1,0.0009768009185791016
39,OnlyZerosAlgorithm,212020110,0,0,1,0.0
39,MultiArmedBanditAlgorithm,212020110,0,0,1,0.0009763240814208984
39,MAMLReptileAlgorithm,212020110,0,0,1,0.026367902755737305
39,SATAlgorithm,212020110,0,0,1,0.00585627555847168
40,RandomGuessAlgorithm,010122201,4,0,0,0.0009775161743164062
40,OnlyZerosAlgorithm,010122201,0,0,1,0.0009753704071044922
40,MultiArmedBanditAlgorithm,010122201,0,0,1,0.0009772777557373047
40,MAMLReptileAlgorithm,010122201,0,0,1,0.03417611122131348
40,SATAlgorithm,010122201,0,0,1,0.0048830509185791016
41,RandomGuessAlgorithm,201120021,1,0,0,0.0009770393371582031
41,OnlyZerosAlgorithm,201120021,0,0,1,0.0009763240814208984
41,MultiArmedBanditAlgorithm,201120021,0,0,1,0.0009770393371582031
41,MAMLReptileAlgorithm,201120021,0,0,1,0.028327465057373047
41,SATAlgorithm,201120021,0,0,1,0.005860567092895508
42,RandomGuessAlgorithm,221120100,2,0,0,0.0009741783142089844
42,OnlyZerosAlgorithm,221120100,0,0,1,0.0009779930114746094
42,MultiArmedBanditAlgorithm,221120100,0,0,1,0.0
42,MAMLReptileAlgorithm,221120100,0,0,1,0.027341842651367188
42,SATAlgorithm,221120100,0,0,1,0.004882097244262695
43,RandomGuessAlgorithm,022010110,0,0,1,0.0009765625
43,OnlyZerosAlgorithm,022010110,0,0,1,0.0009768009185791016
43,MultiArmedBanditAlgorithm,022010110,0,0,1,0.0
43,MAMLReptileAlgorithm,022010110,0,0,1,0.027341604232788086
43,SATAlgorithm,022010110,0,0,1,0.005859375
44,RandomGuessAlgorithm,121202211,3,0,0,0.0009768009185791016
44,OnlyZerosAlgorithm,121202211,0,0,1,0.0
44,MultiArmedBanditAlgorithm,121202211,0,0,1,0.0
44,MAMLReptileAlgorithm,121202211,0,0,1,0.030272722244262695
44,SATAlgorithm,121202211,0,0,1,0.005857944488525391
45,RandomGuessAlgorithm,101211022,2,0,0,0.0
45,OnlyZerosAlgorithm,101211022,0,0,1,0.0009768009185791016
45,MultiArmedBanditAlgorithm,101211022,0,0,1,0.0009765625
45,MAMLReptileAlgorithm,101211022,0,0,1,0.030272483825683594
45,SATAlgorithm,101211022,0,0,1,0.006833791732788086
46,RandomGuessAlgorithm,022011100,0,0,1,0.0009758472442626953
46,OnlyZerosAlgorithm,022011100,0,0,1,0.0
46,MultiArmedBanditAlgorithm,022011100,0,0,1,0.0009763240814208984
46,MAMLReptileAlgorithm,022011100,0,0,1,0.030272483825683594
46,SATAlgorithm,022011100,0,0,1,0.005858898162841797
47,RandomGuessAlgorithm,001102200,4,0,0,0.0009751319885253906
47,OnlyZerosAlgorithm,001102200,0,0,1,0.0
47,MultiArmedBanditAlgorithm,001102200,0,0,1,0.0
47,MAMLReptileAlgorithm,001102200,0,0,1,0.03320145606994629
47,SATAlgorithm,001102200,0,0,1,0.0058591365814208984
48,RandomGuessAlgorithm,002211102,2,0,0,0.0009758472442626953
48,OnlyZerosAlgorithm,002211102,0,0,1,0.0009765625
48,MultiArmedBanditAlgorithm,002211102,0,0,1,0.0009768009185791016
48,MAMLReptileAlgorithm,002211102,0,0,1,0.031248092651367188
48,SATAlgorithm,002211102,0,0,1,0.005858898162841797
49,RandomGuessAlgorithm,101000212,3,0,0,0.0009765625
49,OnlyZerosAlgorithm,101000212,0,0,1,0.0009768009185791016
49,MultiArmedBanditAlgorithm,101000212,0,0,1,0.0009765625
49,MAMLReptileAlgorithm,101000212,0,0,1,0.03222393989562988
49,SATAlgorithm,101000212,0,0,1,0.005860090255737305
50,RandomGuessAlgorithm,211012020,1,0,0,0.0009765625
50,OnlyZerosAlgorithm,211012020,0,0,1,0.0
50,MultiArmedBanditAlgorithm,211012020,0,0,1,0.0009758472442626953
50,MAMLReptileAlgorithm,211012020,0,0,1,0.033206939697265625
50,SATAlgorithm,211012020,0,0,1,0.005858659744262695
51,RandomGuessAlgorithm,221210011,4,0,0,0.0
51,OnlyZerosAlgorithm,221210011,0,0,1,0.0
51,MultiArmedBanditAlgorithm,221210011,1,0,0,0.0009763240814208984
51,MAMLReptileAlgorithm,221210011,0,0,1,0.03515458106994629
51,SATAlgorithm,221210011,0,0,1,0.005858898162841797
52,RandomGuessAlgorithm,221120100,2,0,0,0.0009770393371582031
52,OnlyZerosAlgorithm,221120100,0,0,1,0.0009760856628417969
52,MultiArmedBanditAlgorithm,221120100,0,0,1,0.0009760856628417969
52,MAMLReptileAlgorithm,221120100,0,0,1,0.0351557731628418
52,SATAlgorithm,221120100,0,0,1,0.0009753704071044922
53,RandomGuessAlgorithm,110120022,0,0,1,0.0009770393371582031
53,OnlyZerosAlgorithm,110120022,0,0,1,0.0009765625
53,MultiArmedBanditAlgorithm,110120022,0,0,1,0.0
53,MAMLReptileAlgorithm,110120022,0,0,1,0.034177303314208984
53,SATAlgorithm,110120022,0,0,1,0.005858421325683594
54,RandomGuessAlgorithm,212112100,0,0,1,0.0
54,OnlyZerosAlgorithm,212112100,0,0,1,0.0009768009185791016
54,MultiArmedBanditAlgorithm,212112100,0,0,1,0.0009768009185791016
54,MAMLReptileAlgorithm,212112100,0,0,1,0.03710603713989258
54,SATAlgorithm,212112100,0,0,1,0.005860328674316406
55,RandomGuessAlgorithm,221210010,1,0,0,0.0009758472442626953
55,OnlyZerosAlgorithm,221210010,0,0,1,0.0
55,MultiArmedBanditAlgorithm,221210010,0,0,1,0.0009765625
55,MAMLReptileAlgorithm,221210010,0,0,1,0.03612995147705078
55,SATAlgorithm,221210010,0,0,1,0.006835460662841797
56,RandomGuessAlgorithm,020112102,4,0,0,0.0009768009185791016
56,OnlyZerosAlgorithm,020112102,0,0,1,0.0009763240814208984
56,MultiArmedBanditAlgorithm,020112102,0,0,1,0.0009763240814208984
56,MAMLReptileAlgorithm,020112102,0,0,1,0.038083553314208984
56,SATAlgorithm,020112102,0,0,1,0.0058591365814208984
57,RandomGuessAlgorithm,201012000,3,0,0,0.0
57,OnlyZerosAlgorithm,201012000,0,0,1,0.0009751319885253906
57,MultiArmedBanditAlgorithm,201012000,0,0,1,0.0009768009185791016
57,MAMLReptileAlgorithm,201012000,0,0,1,0.03710579872131348
57,SATAlgorithm,201012000,0,0,1,0.005859375
58,RandomGuessAlgorithm,121112221,4,1,0,0.0009768009185791016
58,OnlyZerosAlgorithm,121112221,0,1,0,0.0009760856628417969
58,MultiArmedBanditAlgorithm,121112221,0,1,0,0.0
58,MAMLReptileAlgorithm,121112221,0,1,0,0.03808307647705078
58,SATAlgorithm,121112221,0,1,0,0.005858898162841797
59,RandomGuessAlgorithm,121122021,3,2,0,0.0009768009185791016
59,OnlyZerosAlgorithm,121122021,0,2,0,0.0009763240814208984
59,MultiArmedBanditAlgorithm,121122021,0,2,0,0.0
59,MAMLReptileAlgorithm,121122021,0,2,0,0.039060354232788086
59,SATAlgorithm,121122021,0,2,0,0.005858659744262695
60,RandomGuessAlgorithm,120001201,3,0,0,0.0
60,OnlyZerosAlgorithm,120001201,0,0,1,0.0009768009185791016
60,MultiArmedBanditAlgorithm,120001201,0,0,1,0.0009763240814208984
60,MAMLReptileAlgorithm,120001201,0,0,1,0.039060115814208984
60,SATAlgorithm,120001201,0,0,1,0.005859375
61,RandomGuessAlgorithm,101010202,4,0,0,0.0009772777557373047
61,OnlyZerosAlgorithm,101010202,0,0,1,0.0
61,MultiArmedBanditAlgorithm,101010202,0,0,1,0.0009756088256835938
61,MAMLReptileAlgorithm,101010202,0,0,1,0.03905987739562988
61,SATAlgorithm,101010202,0,0,1,0.0068356990814208984
62,RandomGuessAlgorithm,000202110,2,0,0,0.0009765625
62,OnlyZerosAlgorithm,000202110,0,0,1,0.0
62,MultiArmedBanditAlgorithm,000202110,0,0,1,0.0009765625
62,MAMLReptileAlgorithm,000202110,0,0,1,0.04004836082458496
62,SATAlgorithm,000202110,0,0,1,0.005860567092895508
63,RandomGuessAlgorithm,000000102,4,0,0,0.0009746551513671875
63,OnlyZerosAlgorithm,000000102,0,0,1,0.0
63,MultiArmedBanditAlgorithm,000000102,0,0,1,0.0009760856628417969
63,MAMLReptileAlgorithm,000000102,0,0,1,0.0410311222076416
63,SATAlgorithm,000000102,0,0,1,0.0058956146240234375
64,RandomGuessAlgorithm,100011202,2,0,0,0.0009448528289794922
64,OnlyZerosAlgorithm,100011202,0,0,1,0.0
64,MultiArmedBanditAlgorithm,100011202,0,0,1,0.0
64,MAMLReptileAlgorithm,100011202,0,0,1,0.042173147201538086
64,SATAlgorithm,100011202,0,0,1,0.0068361759185791016
65,RandomGuessAlgorithm,001002000,0,0,1,0.0
65,OnlyZerosAlgorithm,001002000,0,0,1,0.0
65,MultiArmedBanditAlgorithm,001002000,0,0,1,0.0009758472442626953
65,MAMLReptileAlgorithm,001002000,0,0,1,0.04297900199890137
65,SATAlgorithm,001002000,0,0,1,0.005860805511474609
66,RandomGuessAlgorithm,012002101,4,0,0,0.0
66,OnlyZerosAlgorithm,012002101,0,0,1,0.0
66,MultiArmedBanditAlgorithm,012002101,0,0,1,0.0009772777557373047
66,MAMLReptileAlgorithm,012002101,0,0,1,0.04343152046203613
66,SATAlgorithm,012002101,0,0,1,0.0058591365814208984
67,RandomGuessAlgorithm,212111200,0,1,0,0.0009770393371582031
67,OnlyZerosAlgorithm,212111200,0,1,0,0.0009763240814208984
67,MultiArmedBanditAlgorithm,212111200,0,1,0,0.0009770393371582031
67,MAMLReptileAlgorithm,212111200,0,1,0,0.05370688438415527
67,SATAlgorithm,212111200,0,1,0,0.008788347244262695
68,RandomGuessAlgorithm,211002121,1,0,0,0.0009768009185791016
68,OnlyZerosAlgorithm,211002121,0,0,1,0.0009760856628417969
68,MultiArmedBanditAlgorithm,211002121,0,0,1,0.0
68,MAMLReptileAlgorithm,211002121,0,0,1,0.04445338249206543
68,SATAlgorithm,211002121,0,0,1,0.0058591365814208984
69,RandomGuessAlgorithm,020102011,3,0,0,0.0009777545928955078
69,OnlyZerosAlgorithm,020102011,0,0,1,0.0009758472442626953
69,MultiArmedBanditAlgorithm,020102011,0,0,1,0.0
69,MAMLReptileAlgorithm,020102011,0,0,1,0.045783281326293945
69,SATAlgorithm,020102011,0,0,1,0.007281780242919922
70,RandomGuessAlgorithm,212211102,1,0,0,0.0009765625
70,OnlyZerosAlgorithm,212211102,0,0,1,0.0
70,MultiArmedBanditAlgorithm,212211102,0,0,1,0.0009760856628417969
70,MAMLReptileAlgorithm,212211102,0,0,1,0.04687213897705078
70,SATAlgorithm,212211102,0,0,1,0.006834506988525391
71,RandomGuessAlgorithm,110200210,0,0,1,0.0009770393371582031
71,OnlyZerosAlgorithm,110200210,0,0,1,0.0
71,MultiArmedBanditAlgorithm,110200210,0,0,1,0.0009760856628417969
71,MAMLReptileAlgorithm,110200210,0,0,1,0.04980039596557617
71,SATAlgorithm,110200210,0,0,1,0.006835460662841797
72,RandomGuessAlgorithm,012200110,3,0,0,0.0
72,OnlyZerosAlgorithm,012200110,0,0,1,0.0
72,MultiArmedBanditAlgorithm,012200110,0,0,1,0.0019528865814208984
72,MAMLReptileAlgorithm,012200110,0,0,1,0.04784846305847168
72,SATAlgorithm,012200110,0,0,1,0.0068359375
73,RandomGuessAlgorithm,210101212,0,0,1,0.0009760856628417969
73,OnlyZerosAlgorithm,210101212,0,0,1,0.0009768009185791016
73,MultiArmedBanditAlgorithm,210101212,0,0,1,0.0009760856628417969
73,MAMLReptileAlgorithm,210101212,0,0,1,0.04882621765136719
73,SATAlgorithm,210101212,0,0,1,0.0068356990814208984
74,RandomGuessAlgorithm,201000102,2,0,0,0.0009763240814208984
74,OnlyZerosAlgorithm,201000102,0,0,1,0.0009758472442626953
74,MultiArmedBanditAlgorithm,201000102,0,0,1,0.0009768009185791016
74,MAMLReptileAlgorithm,201000102,0,0,1,0.04882478713989258
74,SATAlgorithm,201000102,0,0,1,0.0068359375
75,RandomGuessAlgorithm,010210122,4,0,0,0.0
75,OnlyZerosAlgorithm,010210122,0,0,1,0.0009765625
75,MultiArmedBanditAlgorithm,010210122,0,0,1,0.0
75,MAMLReptileAlgorithm,010210122,0,0,1,0.05077791213989258
75,SATAlgorithm,010210122,0,0,1,0.0068361759185791016
76,RandomGuessAlgorithm,102002001,2,0,0,0.0009763240814208984
76,OnlyZerosAlgorithm,102002001,0,0,1,0.0009765625
76,MultiArmedBanditAlgorithm,102002001,0,0,1,0.0009768009185791016
76,MAMLReptileAlgorithm,102002001,0,0,1,0.04980182647705078
76,SATAlgorithm,102002001,0,0,1,0.006834268569946289
77,RandomGuessAlgorithm,101200212,1,0,0,0.0009775161743164062
77,OnlyZerosAlgorithm,101200212,0,0,1,0.0009760856628417969
77,MultiArmedBanditAlgorithm,101200212,0,0,1,0.0009768009185791016
77,MAMLReptileAlgorithm,101200212,0,0,1,0.04980039596557617
77,SATAlgorithm,101200212,0,0,1,0.005858659744262695
78,RandomGuessAlgorithm,120102010,2,0,0,0.0009775161743164062
78,OnlyZerosAlgorithm,120102010,0,0,1,0.0
78,MultiArmedBanditAlgorithm,120102010,0,0,1,0.0009756088256835938
78,MAMLReptileAlgorithm,120102010,0,0,1,0.05175518989562988
78,SATAlgorithm,120102010,0,0,1,0.006835222244262695
79,RandomGuessAlgorithm,101020120,1,0,0,0.0009760856628417969
79,OnlyZerosAlgorithm,101020120,0,0,1,0.0009765625
79,MultiArmedBanditAlgorithm,101020120,0,0,1,0.0009768009185791016
79,MAMLReptileAlgorithm,101020120,0,0,1,0.05468392372131348
79,SATAlgorithm,101020120,0,0,1,0.006837368011474609
80,RandomGuessAlgorithm,202112211,2,0,0,0.0009758472442626953
80,OnlyZerosAlgorithm,202112211,0,0,1,0.0
80,MultiArmedBanditAlgorithm,202112211,0,0,1,0.0
80,MAMLReptileAlgorithm,202112211,0,0,1,0.052666425704956055
80,SATAlgorithm,202112211,0,0,1,0.006834268569946289
81,RandomGuessAlgorithm,021212101,1,1,1,0.0009760856628417969
81,OnlyZerosAlgorithm,021212101,0,1,0,0.0009763240814208984
81,MultiArmedBanditAlgorithm,021212101,0,1,0,0.0009770393371582031
81,MAMLReptileAlgorithm,021212101,0,1,0,0.05370688438415527
81,SATAlgorithm,021212101,0,1,0,0.007812738418579102
82,RandomGuessAlgorithm,101120220,1,0,0,0.0009765625
82,OnlyZerosAlgorithm,101120220,0,0,1,0.0
82,MultiArmedBanditAlgorithm,101120220,0,0,1,0.0009756088256835938
82,MAMLReptileAlgorithm,101120220,0,0,1,0.05370831489562988
82,SATAlgorithm,101120220,0,0,1,0.006835222244262695
83,RandomGuessAlgorithm,001212211,1,0,0,0.0
83,OnlyZerosAlgorithm,001212211,0,0,1,0.0
83,MultiArmedBanditAlgorithm,001212211,0,0,1,0.0009763240814208984
83,MAMLReptileAlgorithm,001212211,0,0,1,0.053707122802734375
83,SATAlgorithm,001212211,0,0,1,0.005858659744262695
84,RandomGuessAlgorithm,221101212,0,0,1,0.0
84,OnlyZerosAlgorithm,221101212,0,0,1,0.0009763240814208984
84,MultiArmedBanditAlgorithm,221101212,0,0,1,0.0009760856628417969
84,MAMLReptileAlgorithm,221101212,0,0,1,0.0537266731262207
84,SATAlgorithm,221101212,0,0,1,0.007811784744262695
85,RandomGuessAlgorithm,010121202,2,0,0,0.0
85,OnlyZerosAlgorithm,010121202,0,0,1,0.0009763240814208984
85,MultiArmedBanditAlgorithm,010121202,0,0,1,0.0
85,MAMLReptileAlgorithm,010121202,0,0,1,0.05519461631774902
85,SATAlgorithm,010121202,0,0,1,0.006835460662841797
86,RandomGuessAlgorithm,211020012,2,2,1,0.0
86,OnlyZerosAlgorithm,211020012,0,2,0,0.0009772777557373047
86,MultiArmedBanditAlgorithm,211020012,0,2,0,0.0009770393371582031
86,MAMLReptileAlgorithm,211020012,0,2,0,0.05571556091308594
86,SATAlgorithm,211020012,0,2,0,0.006834745407104492
87,RandomGuessAlgorithm,000012000,3,0,0,0.0009760856628417969
87,OnlyZerosAlgorithm,000012000,0,0,1,0.0
87,MultiArmedBanditAlgorithm,000012000,0,0,1,0.0009763240814208984
87,MAMLReptileAlgorithm,000012000,0,0,1,0.05761361122131348
87,SATAlgorithm,000012000,0,0,1,0.006835460662841797
88,RandomGuessAlgorithm,100221112,0,0,1,0.0009765625
88,OnlyZerosAlgorithm,100221112,0,0,1,0.0009763240814208984
88,MultiArmedBanditAlgorithm,100221112,0,0,1,0.0009768009185791016
88,MAMLReptileAlgorithm,100221112,0,0,1,0.05956768989562988
88,SATAlgorithm,100221112,0,0,1,0.0068340301513671875
89,RandomGuessAlgorithm,200121000,3,0,0,0.0009744167327880859
89,OnlyZerosAlgorithm,200121000,0,0,1,0.0
89,MultiArmedBanditAlgorithm,200121000,0,0,1,0.0009763240814208984
89,MAMLReptileAlgorithm,200121000,0,0,1,0.05663609504699707
89,SATAlgorithm,200121000,0,0,1,0.005858898162841797
90,RandomGuessAlgorithm,020120101,4,0,0,0.0009765625
90,OnlyZerosAlgorithm,020120101,0,0,1,0.0
90,MultiArmedBanditAlgorithm,020120101,0,0,1,0.0009765625
90,MAMLReptileAlgorithm,020120101,0,0,1,0.05761361122131348
90,SATAlgorithm,020120101,0,0,1,0.006835460662841797
91,RandomGuessAlgorithm,001010022,3,0,0,0.0009758472442626953
91,OnlyZerosAlgorithm,001010022,0,0,1,0.0
91,MultiArmedBanditAlgorithm,001010022,0,0,1,0.0009775161743164062
91,MAMLReptileAlgorithm,001010022,0,0,1,0.06542396545410156
91,SATAlgorithm,001010022,0,0,1,0.0068359375
92,RandomGuessAlgorithm,022101121,4,0,0,0.0
92,OnlyZerosAlgorithm,022101121,0,0,1,0.0009763240814208984
92,MultiArmedBanditAlgorithm,022101121,0,0,1,0.0009758472442626953
92,MAMLReptileAlgorithm,022101121,0,0,1,0.059592247009277344
92,SATAlgorithm,022101121,0,0,1,0.006827831268310547
93,RandomGuessAlgorithm,102002211,0,0,1,0.0009770393371582031
93,OnlyZerosAlgorithm,102002211,0,0,1,0.0
93,MultiArmedBanditAlgorithm,102002211,0,0,1,0.0009756088256835938
93,MAMLReptileAlgorithm,102002211,0,0,1,0.059583187103271484
93,SATAlgorithm,102002211,0,0,1,0.005860328674316406
94,RandomGuessAlgorithm,210201001,4,0,0,0.0
94,OnlyZerosAlgorithm,210201001,0,0,1,0.0009770393371582031
94,MultiArmedBanditAlgorithm,210201001,0,0,1,0.0009760856628417969
94,MAMLReptileAlgorithm,210201001,0,0,1,0.06056094169616699
94,SATAlgorithm,210201001,0,0,1,0.0068361759185791016
95,RandomGuessAlgorithm,111210202,1,1,1,0.0009763240814208984
95,OnlyZerosAlgorithm,111210202,0,1,0,0.0
95,MultiArmedBanditAlgorithm,111210202,0,1,0,0.0009768009185791016
95,MAMLReptileAlgorithm,111210202,0,1,0,0.06247305870056152
95,SATAlgorithm,111210202,0,1,0,0.007819175720214844
96,RandomGuessAlgorithm,002201110,4,0,0,0.0009763240814208984
96,OnlyZerosAlgorithm,002201110,0,0,1,0.0009763240814208984
96,MultiArmedBanditAlgorithm,002201110,0,0,1,0.0009768009185791016
96,MAMLReptileAlgorithm,002201110,0,0,1,0.06251382827758789
96,SATAlgorithm,002201110,0,0,1,0.006835222244262695
97,RandomGuessAlgorithm,012001002,3,0,0,0.0009772777557373047
97,OnlyZerosAlgorithm,012001002,0,0,1,0.0
97,MultiArmedBanditAlgorithm,012001002,0,0,1,0.0009763240814208984
97,MAMLReptileAlgorithm,012001002,0,0,1,0.06446647644042969
97,SATAlgorithm,012001002,0,0,1,0.0068361759185791016
98,RandomGuessAlgorithm,210001120,3,0,0,0.0009763240814208984
98,OnlyZerosAlgorithm,210001120,0,0,1,0.0
98,MultiArmedBanditAlgorithm,210001120,0,0,1,0.0
98,MAMLReptileAlgorithm,210001120,0,0,1,0.0638425350189209
98,SATAlgorithm,210001120,0,0,1,0.006835460662841797
99,RandomGuessAlgorithm,012002211,4,0,0,0.0009768009185791016
99,OnlyZerosAlgorithm,012002211,0,0,1,0.0009760856628417969
99,MultiArmedBanditAlgorithm,012002211,0,0,1,0.0
99,MAMLReptileAlgorithm,012002211,0,0,1,0.06543231010437012
99,SATAlgorithm,012002211,0,0,1,0.008789539337158203
100,RandomGuessAlgorithm,010100002,0,0,1,0.0009763240814208984
100,OnlyZerosAlgorithm,010100002,0,0,1,0.0
100,MultiArmedBanditAlgorithm,010100002,0,0,1,0.0
100,MAMLReptileAlgorithm,010100002,0,0,1,0.06542444229125977
100,SATAlgorithm,010100002,0,0,1,0.006835460662841797
101,RandomGuessAlgorithm,211001212,1,0,0,0.0
101,OnlyZerosAlgorithm,211001212,0,0,1,0.0009763240814208984
101,MultiArmedBanditAlgorithm,211001212,0,0,1,0.0009775161743164062
101,MAMLReptileAlgorithm,211001212,0,0,1,0.06640124320983887
101,SATAlgorithm,211001212,0,0,1,0.007811784744262695
102,RandomGuessAlgorithm,012220011,2,0,0,0.0009763240814208984
102,OnlyZerosAlgorithm,012220011,0,0,1,0.0009772777557373047
102,MultiArmedBanditAlgorithm,012220011,0,0,1,0.0009763240814208984
102,MAMLReptileAlgorithm,012220011,0,0,1,0.06737804412841797
102,SATAlgorithm,012220011,0,0,1,0.006835222244262695
103,RandomGuessAlgorithm,120011202,0,0,1,0.0009765625
103,OnlyZerosAlgorithm,120011202,0,0,1,0.0009768009185791016
103,MultiArmedBanditAlgorithm,120011202,0,0,1,0.0009763240814208984
103,MAMLReptileAlgorithm,120011202,0,0,1,0.06737852096557617
103,SATAlgorithm,120011202,0,0,1,0.0068356990814208984
104,RandomGuessAlgorithm,201120211,0,0,1,0.0009760856628417969
104,OnlyZerosAlgorithm,201120211,0,0,1,0.0
104,MultiArmedBanditAlgorithm,201120211,0,0,1,0.0
104,MAMLReptileAlgorithm,201120211,0,0,1,0.06737804412841797
104,SATAlgorithm,201120211,0,0,1,0.0068356990814208984
105,RandomGuessAlgorithm,022021101,3,0,0,0.0009763240814208984
105,OnlyZerosAlgorithm,022021101,0,0,1,0.0
105,MultiArmedBanditAlgorithm,022021101,0,0,1,0.0019524097442626953
105,MAMLReptileAlgorithm,022021101,0,0,1,0.06835579872131348
105,SATAlgorithm,022021101,0,0,1,0.006833791732788086
106,RandomGuessAlgorithm,002101012,1,0,0,0.0
106,OnlyZerosAlgorithm,002101012,0,0,1,0.0
106,MultiArmedBanditAlgorithm,002101012,0,0,1,0.0009768009185791016
106,MAMLReptileAlgorithm,002101012,0,0,1,0.06933712959289551
106,SATAlgorithm,002101012,0,0,1,0.006835460662841797
107,RandomGuessAlgorithm,021210000,2,0,0,0.0
107,OnlyZerosAlgorithm,021210000,0,0,1,0.0009763240814208984
107,MultiArmedBanditAlgorithm,021210000,0,0,1,0.0009768009185791016
107,MAMLReptileAlgorithm,021210000,0,0,1,0.06933116912841797
107,SATAlgorithm,021210000,0,0,1,0.0068359375
108,RandomGuessAlgorithm,020101000,1,0,0,0.0009763240814208984
108,OnlyZerosAlgorithm,020101000,0,0,1,0.0009763240814208984
108,MultiArmedBanditAlgorithm,020101000,0,0,1,0.0009765625
108,MAMLReptileAlgorithm,020101000,0,0,1,0.07030797004699707
108,SATAlgorithm,020101000,0,0,1,0.0068359375
109,RandomGuessAlgorithm,102101220,1,0,0,0.0009765625
109,OnlyZerosAlgorithm,102101220,0,0,1,0.0
109,MultiArmedBanditAlgorithm,102101220,0,0,1,0.0009758472442626953
109,MAMLReptileAlgorithm,102101220,0,0,1,0.07030749320983887
109,SATAlgorithm,102101220,0,0,1,0.006835460662841797
110,RandomGuessAlgorithm,122001100,4,0,0,0.0009763240814208984
110,OnlyZerosAlgorithm,122001100,0,0,1,0.0
110,MultiArmedBanditAlgorithm,122001100,0,0,1,0.0009768009185791016
110,MAMLReptileAlgorithm,122001100,0,0,1,0.07225966453552246
110,SATAlgorithm,122001100,0,0,1,0.007812738418579102
111,RandomGuessAlgorithm,210021211,3,0,0,0.0009770393371582031
111,OnlyZerosAlgorithm,210021211,0,0,1,0.0
111,MultiArmedBanditAlgorithm,210021211,0,0,1,0.0009760856628417969
111,MAMLReptileAlgorithm,210021211,0,0,1,0.07129836082458496
111,SATAlgorithm,210021211,0,0,1,0.0078125
112,RandomGuessAlgorithm,220010211,1,0,0,0.0009765625
112,OnlyZerosAlgorithm,220010211,0,0,1,0.0
112,MultiArmedBanditAlgorithm,220010211,0,0,1,0.0009770393371582031
112,MAMLReptileAlgorithm,220010211,0,0,1,0.07271599769592285
112,SATAlgorithm,220010211,0,0,1,0.007812023162841797
113,RandomGuessAlgorithm,120121221,2,2,1,0.0009737014770507812
113,OnlyZerosAlgorithm,120121221,0,2,0,0.0
113,MultiArmedBanditAlgorithm,120121221,0,2,0,0.0009751319885253906
113,MAMLReptileAlgorithm,120121221,0,2,0,0.07325577735900879
113,SATAlgorithm,120121221,0,2,0,0.006834983825683594
114,RandomGuessAlgorithm,121212121,1,1,1,0.0
114,OnlyZerosAlgorithm,121212121,0,1,0,0.0009768009185791016
114,MultiArmedBanditAlgorithm,121212121,0,1,0,0.0009765625
114,MAMLReptileAlgorithm,121212121,0,1,0,0.07616734504699707
114,SATAlgorithm,121212121,0,1,0,0.006835460662841797
115,RandomGuessAlgorithm,121100202,4,0,0,0.0
115,OnlyZerosAlgorithm,121100202,0,0,1,0.0009765625
115,MultiArmedBanditAlgorithm,121100202,0,0,1,0.0
115,MAMLReptileAlgorithm,121100202,0,0,1,0.07519197463989258
115,SATAlgorithm,121100202,0,0,1,0.006834506988525391
116,RandomGuessAlgorithm,100212010,2,0,0,0.0009770393371582031
116,OnlyZerosAlgorithm,100212010,0,0,1,0.0019528865814208984
116,MultiArmedBanditAlgorithm,100212010,0,0,1,0.0009760856628417969
116,MAMLReptileAlgorithm,100212010,0,0,1,0.07421398162841797
116,SATAlgorithm,100212010,0,0,1,0.007812976837158203
117,RandomGuessAlgorithm,101010022,3,0,0,0.0009753704071044922
117,OnlyZerosAlgorithm,101010022,0,0,1,0.0009768009185791016
117,MultiArmedBanditAlgorithm,101010022,0,0,1,0.0009765625
117,MAMLReptileAlgorithm,101010022,0,0,1,0.08025145530700684
117,SATAlgorithm,101010022,0,0,1,0.006834745407104492
118,RandomGuessAlgorithm,020010121,0,0,1,0.0
118,OnlyZerosAlgorithm,020010121,0,0,1,0.0009768009185791016
118,MultiArmedBanditAlgorithm,020010121,0,0,1,0.0009765625
118,MAMLReptileAlgorithm,020010121,0,0,1,0.07909631729125977
118,SATAlgorithm,020010121,0,0,1,0.007811784744262695
119,RandomGuessAlgorithm,221122111,0,1,0,0.0009770393371582031
119,OnlyZerosAlgorithm,221122111,0,1,0,0.0009760856628417969
119,MultiArmedBanditAlgorithm,221122111,0,1,0,0.0009763240814208984
119,MAMLReptileAlgorithm,221122111,2,1,0,0.08104968070983887
119,SATAlgorithm,221122111,0,1,0,0.0068359375
120,RandomGuessAlgorithm,120021210,1,0,0,0.0009765625
120,OnlyZerosAlgorithm,120021210,0,0,1,0.0009765625
120,MultiArmedBanditAlgorithm,120021210,0,0,1,0.0009763240814208984
120,MAMLReptileAlgorithm,120021210,0,0,1,0.07909607887268066
120,SATAlgorithm,120021210,0,0,1,0.007811546325683594
121,RandomGuessAlgorithm,201120121,1,0,0,0.0009770393371582031
121,OnlyZerosAlgorithm,201120121,0,0,1,0.0009758472442626953
121,MultiArmedBanditAlgorithm,201120121,0,0,1,0.0009768009185791016
121,MAMLReptileAlgorithm,201120121,0,0,1,0.08202600479125977
121,SATAlgorithm,201120121,0,0,1,0.007812738418579102
122,RandomGuessAlgorithm,202112211,4,0,0,0.0019528865814208984
122,OnlyZerosAlgorithm,202112211,0,0,1,0.0009763240814208984
122,MultiArmedBanditAlgorithm,202112211,0,0,1,0.0
122,MAMLReptileAlgorithm,202112211,0,0,1,0.07812070846557617
122,SATAlgorithm,202112211,0,0,1,0.0009770393371582031
123,RandomGuessAlgorithm,001222101,4,2,0,0.0009753704071044922
123,OnlyZerosAlgorithm,001222101,0,2,0,0.0
123,MultiArmedBanditAlgorithm,001222101,0,2,0,0.0009775161743164062
123,MAMLReptileAlgorithm,001222101,0,2,0,0.0791020393371582
123,SATAlgorithm,001222101,0,2,0,0.0068359375
124,RandomGuessAlgorithm,110221000,3,0,0,0.0
124,OnlyZerosAlgorithm,110221000,0,0,1,0.0009772777557373047
124,MultiArmedBanditAlgorithm,110221000,0,0,1,0.0
124,MAMLReptileAlgorithm,110221000,0,0,1,0.08105659484863281
124,SATAlgorithm,110221000,0,0,1,0.008788824081420898
125,RandomGuessAlgorithm,102100020,2,0,0,0.0009753704071044922
125,OnlyZerosAlgorithm,102100020,0,0,1,0.0009765625
125,MultiArmedBanditAlgorithm,102100020,0,0,1,0.0009763240814208984
125,MAMLReptileAlgorithm,102100020,0,0,1,0.08300209045410156
125,SATAlgorithm,102100020,0,0,1,0.0078122615814208984
126,RandomGuessAlgorithm,020010012,1,0,0,0.0009760856628417969
126,OnlyZerosAlgorithm,020010012,0,0,1,0.0009765625
126,MultiArmedBanditAlgorithm,020010012,0,0,1,0.0009765625
126,MAMLReptileAlgorithm,020010012,0,0,1,0.08202576637268066
126,SATAlgorithm,020010012,0,0,1,0.007813453674316406
127,RandomGuessAlgorithm,221011002,0,0,1,0.0009753704071044922
127,OnlyZerosAlgorithm,221011002,0,0,1,0.0009770393371582031
127,MultiArmedBanditAlgorithm,221011002,0,0,1,0.0
127,MAMLReptileAlgorithm,221011002,0,0,1,0.08788371086120605
127,SATAlgorithm,221011002,0,0,1,0.007812023162841797
128,RandomGuessAlgorithm,111221200,1,1,1,0.0009765625
128,OnlyZerosAlgorithm,111221200,0,1,0,0.0009768009185791016
128,MultiArmedBanditAlgorithm,111221200,0,1,0,0.0
128,MAMLReptileAlgorithm,111221200,1,1,1,0.08690881729125977
128,SATAlgorithm,111221200,0,1,0,0.008789539337158203
129,RandomGuessAlgorithm,110122120,2,1,0,0.0009760856628417969
129,OnlyZerosAlgorithm,110122120,0,1,0,0.0009765625
129,MultiArmedBanditAlgorithm,110122120,0,1,0,0.0
129,MAMLReptileAlgorithm,110122120,2,1,0,0.08473038673400879
129,SATAlgorithm,110122120,0,1,0,0.007811784744262695
130,RandomGuessAlgorithm,200112210,3,0,0,0.0009772777557373047
130,OnlyZerosAlgorithm,200112210,0,0,1,0.0
130,MultiArmedBanditAlgorithm,200112210,0,0,1,0.0
130,MAMLReptileAlgorithm,200112210,0,0,1,0.08309698104858398
130,SATAlgorithm,200112210,0,0,1,0.008787870407104492
131,RandomGuessAlgorithm,211000122,1,0,0,0.0009779930114746094
131,OnlyZerosAlgorithm,211000122,0,0,1,0.0
131,MultiArmedBanditAlgorithm,211000122,0,0,1,0.0
131,MAMLReptileAlgorithm,211000122,0,0,1,0.08336138725280762
131,SATAlgorithm,211000122,0,0,1,0.006835222244262695
132,RandomGuessAlgorithm,221102101,3,0,0,0.0
132,OnlyZerosAlgorithm,221102101,0,0,1,0.0009775161743164062
132,MultiArmedBanditAlgorithm,221102101,0,0,1,0.0009756088256835938
132,MAMLReptileAlgorithm,221102101,0,0,1,0.08594274520874023
132,SATAlgorithm,221102101,0,0,1,0.00684356689453125
133,RandomGuessAlgorithm,121001202,2,0,0,0.0
133,OnlyZerosAlgorithm,121001202,0,0,1,0.0009775161743164062
133,MultiArmedBanditAlgorithm,121001202,0,0,1,0.0009744167327880859
133,MAMLReptileAlgorithm,121001202,0,0,1,0.0859520435333252
133,SATAlgorithm,121001202,0,0,1,0.006835222244262695
134,RandomGuessAlgorithm,012011200,3,0,0,0.0
134,OnlyZerosAlgorithm,012011200,0,0,1,0.0009760856628417969
134,MultiArmedBanditAlgorithm,012011200,0,0,1,0.0009765625
134,MAMLReptileAlgorithm,012011200,0,0,1,0.08663105964660645
134,SATAlgorithm,012011200,0,0,1,0.006834983825683594
135,RandomGuessAlgorithm,002112201,2,0,0,0.0
135,OnlyZerosAlgorithm,002112201,0,0,1,0.0
135,MultiArmedBanditAlgorithm,002112201,0,0,1,0.0009763240814208984
135,MAMLReptileAlgorithm,002112201,1,0,0,0.09374284744262695
135,SATAlgorithm,002112201,0,0,1,0.008788585662841797
136,RandomGuessAlgorithm,002101120,0,0,1,0.0009763240814208984
136,OnlyZerosAlgorithm,002101120,0,0,1,0.0009768009185791016
136,MultiArmedBanditAlgorithm,002101120,0,0,1,0.0
136,MAMLReptileAlgorithm,002101120,0,0,1,0.08886122703552246
136,SATAlgorithm,002101120,0,0,1,0.007813453674316406
137,RandomGuessAlgorithm,201211000,0,0,1,0.0009763240814208984
137,OnlyZerosAlgorithm,201211000,0,0,1,0.0
137,MultiArmedBanditAlgorithm,201211000,0,0,1,0.0009772777557373047
137,MAMLReptileAlgorithm,201211000,0,0,1,0.08886051177978516
137,SATAlgorithm,201211000,0,0,1,0.0078122615814208984
138,RandomGuessAlgorithm,102002101,4,0,0,0.0009768009185791016
138,OnlyZerosAlgorithm,102002101,0,0,1,0.0
138,MultiArmedBanditAlgorithm,102002101,0,0,1,0.0009763240814208984
138,MAMLReptileAlgorithm,102002101,0,0,1,0.08990240097045898
138,SATAlgorithm,102002101,0,0,1,0.0067899227142333984
139,RandomGuessAlgorithm,210102112,3,0,0,0.0
139,OnlyZerosAlgorithm,210102112,0,0,1,0.0009765625
139,MultiArmedBanditAlgorithm,210102112,0,0,1,0.0009756088256835938
139,MAMLReptileAlgorithm,210102112,0,0,1,0.08985066413879395
139,SATAlgorithm,210102112,0,0,1,0.007813215255737305
140,RandomGuessAlgorithm,022010211,0,0,1,0.0009765625
140,OnlyZerosAlgorithm,022010211,0,0,1,0.0
140,MultiArmedBanditAlgorithm,022010211,0,0,1,0.0009818077087402344
140,MAMLReptileAlgorithm,022010211,0,0,1,0.09178447723388672
140,SATAlgorithm,022010211,0,0,1,0.006835460662841797
141,RandomGuessAlgorithm,021001210,1,0,0,0.0
141,OnlyZerosAlgorithm,021001210,0,0,1,0.0009763240814208984
141,MultiArmedBanditAlgorithm,021001210,0,0,1,0.0009758472442626953
141,MAMLReptileAlgorithm,021001210,0,0,1,0.09182024002075195
141,SATAlgorithm,021001210,0,0,1,0.0078122615814208984
142,RandomGuessAlgorithm,000100221,3,0,0,0.0009765625
142,OnlyZerosAlgorithm,000100221,0,0,1,0.0009765625
142,MultiArmedBanditAlgorithm,000100221,0,0,1,0.0
142,MAMLReptileAlgorithm,000100221,0,0,1,0.09414148330688477
142,SATAlgorithm,000100221,0,0,1,0.008788108825683594
143,RandomGuessAlgorithm,012012120,0,0,1,0.0009763240814208984
143,OnlyZerosAlgorithm,012012120,0,0,1,0.0009763240814208984
143,MultiArmedBanditAlgorithm,012012120,2,0,0,0.0009765625
143,MAMLReptileAlgorithm,012012120,0,0,1,0.09179115295410156
143,SATAlgorithm,012012120,0,0,1,0.007811546325683594
144,RandomGuessAlgorithm,112000002,1,0,0,0.0
144,OnlyZerosAlgorithm,112000002,0,0,1,0.0009768009185791016
144,MultiArmedBanditAlgorithm,112000002,0,0,1,0.0
144,MAMLReptileAlgorithm,112000002,0,0,1,0.09276819229125977
144,SATAlgorithm,112000002,0,0,1,0.007811784744262695
145,RandomGuessAlgorithm,002211000,3,0,0,0.0009264945983886719
145,OnlyZerosAlgorithm,002211000,0,0,1,0.00093841552734375
145,MultiArmedBanditAlgorithm,002211000,0,0,1,0.0009706020355224609
145,MAMLReptileAlgorithm,002211000,0,0,1,0.0949857234954834
145,SATAlgorithm,002211000,0,0,1,0.0009770393371582031
146,RandomGuessAlgorithm,201011221,3,1,0,0.0009760856628417969
146,OnlyZerosAlgorithm,201011221,0,1,0,0.0009768009185791016
146,MultiArmedBanditAlgorithm,201011221,0,1,0,0.0009765625
146,MAMLReptileAlgorithm,201011221,0,1,0,0.09569692611694336
146,SATAlgorithm,201011221,0,1,0,0.008788585662841797
147,RandomGuessAlgorithm,021100020,1,0,0,0.0009760856628417969
147,OnlyZerosAlgorithm,021100020,0,0,1,0.0
147,MultiArmedBanditAlgorithm,021100020,0,0,1,0.0
147,MAMLReptileAlgorithm,021100020,0,0,1,0.09569692611694336
147,SATAlgorithm,021100020,0,0,1,0.0078122615814208984
148,RandomGuessAlgorithm,102201201,4,0,0,0.0
148,OnlyZerosAlgorithm,102201201,0,0,1,0.0019521713256835938
148,MultiArmedBanditAlgorithm,102201201,0,0,1,0.0009768009185791016
148,MAMLReptileAlgorithm,102201201,0,0,1,0.09667396545410156
148,SATAlgorithm,102201201,0,0,1,0.007811307907104492
149,RandomGuessAlgorithm,201110002,4,0,0,0.0009768009185791016
149,OnlyZerosAlgorithm,201110002,0,0,1,0.0009775161743164062
149,MultiArmedBanditAlgorithm,201110002,0,0,1,0.0009758472442626953
149,MAMLReptileAlgorithm,201110002,0,0,1,0.09586000442504883
149,SATAlgorithm,201110002,0,0,1,0.0078125
150,RandomGuessAlgorithm,221010112,4,1,0,0.0
150,OnlyZerosAlgorithm,221010112,0,1,0,0.0009753704071044922
150,MultiArmedBanditAlgorithm,221010112,0,1,0,0.0009822845458984375
150,MAMLReptileAlgorithm,221010112,0,1,0,0.09669852256774902
150,SATAlgorithm,221010112,0,1,0,0.007811069488525391
151,RandomGuessAlgorithm,121010202,3,0,0,0.0009760856628417969
151,OnlyZerosAlgorithm,121010202,0,0,1,0.0009768009185791016
151,MultiArmedBanditAlgorithm,121010202,0,0,1,0.0009775161743164062
151,MAMLReptileAlgorithm,121010202,0,0,1,0.09667253494262695
151,SATAlgorithm,121010202,0,0,1,0.0078122615814208984
152,RandomGuessAlgorithm,000201210,4,0,0,0.0009763240814208984
152,OnlyZerosAlgorithm,000201210,0,0,1,0.0009763240814208984
152,MultiArmedBanditAlgorithm,000201210,0,0,1,0.0009770393371582031
152,MAMLReptileAlgorithm,000201210,0,0,1,0.09863972663879395
152,SATAlgorithm,000201210,0,0,1,0.0078125
153,RandomGuessAlgorithm,211012221,1,0,0,0.0009770393371582031
153,OnlyZerosAlgorithm,211012221,0,0,1,0.0009765625
153,MultiArmedBanditAlgorithm,211012221,0,0,1,0.0009775161743164062
153,MAMLReptileAlgorithm,211012221,1,0,0,0.09862446784973145
153,SATAlgorithm,211012221,0,0,1,0.0078125
154,RandomGuessAlgorithm,001220100,1,0,0,0.0
154,OnlyZerosAlgorithm,001220100,0,0,1,0.0009770393371582031
154,MultiArmedBanditAlgorithm,001220100,0,0,1,0.0009770393371582031
154,MAMLReptileAlgorithm,001220100,0,0,1,0.0990288257598877
154,SATAlgorithm,001220100,0,0,1,0.008788108825683594
155,RandomGuessAlgorithm,021010102,2,1,0,0.0009763240814208984
155,OnlyZerosAlgorithm,021010102,0,1,0,0.0009763240814208984
155,MultiArmedBanditAlgorithm,021010102,0,1,0,0.0009770393371582031
155,MAMLReptileAlgorithm,021010102,0,1,0,0.09994387626647949
155,SATAlgorithm,021010102,0,1,0,0.006841897964477539
156,RandomGuessAlgorithm,121112002,2,0,0,0.0
156,OnlyZerosAlgorithm,121112002,0,0,1,0.0009763240814208984
156,MultiArmedBanditAlgorithm,121112002,0,0,1,0.0009763240814208984
156,MAMLReptileAlgorithm,121112002,1,0,0,0.10260128974914551
156,SATAlgorithm,121112002,0,0,1,0.008786916732788086
157,RandomGuessAlgorithm,211010221,3,0,0,0.0009710788726806641
157,OnlyZerosAlgorithm,211010221,0,0,1,0.0
157,MultiArmedBanditAlgorithm,211010221,0,0,1,0.0009469985961914062
157,MAMLReptileAlgorithm,211010221,0,0,1,0.10107040405273438
157,SATAlgorithm,211010221,0,0,1,0.006836414337158203
158,RandomGuessAlgorithm,011220021,3,0,0,0.0
158,OnlyZerosAlgorithm,011220021,0,0,1,0.0009768009185791016
158,MultiArmedBanditAlgorithm,011220021,0,0,1,0.0009763240814208984
158,MAMLReptileAlgorithm,011220021,0,0,1,0.10062217712402344
158,SATAlgorithm,011220021,0,0,1,0.008788824081420898
159,RandomGuessAlgorithm,022011001,1,0,0,0.0009768009185791016
159,OnlyZerosAlgorithm,022011001,0,0,1,0.0009763240814208984
159,MultiArmedBanditAlgorithm,022011001,0,0,1,0.0
159,MAMLReptileAlgorithm,022011001,0,0,1,0.10282087326049805
159,SATAlgorithm,022011001,0,0,1,0.007812023162841797
160,RandomGuessAlgorithm,000210121,1,0,0,0.0009770393371582031
160,OnlyZerosAlgorithm,000210121,0,0,1,0.0009763240814208984
160,MultiArmedBanditAlgorithm,000210121,0,0,1,0.0
160,MAMLReptileAlgorithm,000210121,0,0,1,0.10742306709289551
160,SATAlgorithm,000210121,0,0,1,0.007810115814208984
161,RandomGuessAlgorithm,000020110,1,0,0,0.0
161,OnlyZerosAlgorithm,000020110,0,0,1,0.0009770393371582031
161,MultiArmedBanditAlgorithm,000020110,0,0,1,0.0
161,MAMLReptileAlgorithm,000020110,0,0,1,0.1042628288269043
161,SATAlgorithm,000020110,0,0,1,0.007812023162841797
162,RandomGuessAlgorithm,212212101,3,0,0,0.0009758472442626953
162,OnlyZerosAlgorithm,212212101,0,0,1,0.0009779930114746094
162,MultiArmedBanditAlgorithm,212212101,0,0,1,0.0009756088256835938
162,MAMLReptileAlgorithm,212212101,0,0,1,0.10448551177978516
162,SATAlgorithm,212212101,0,0,1,0.007811784744262695
163,RandomGuessAlgorithm,201000211,0,0,1,0.0
163,OnlyZerosAlgorithm,201000211,0,0,1,0.001953125
163,MultiArmedBanditAlgorithm,201000211,0,0,1,0.0
163,MAMLReptileAlgorithm,201000211,0,0,1,0.10448503494262695
163,SATAlgorithm,201000211,0,0,1,0.008788824081420898
164,RandomGuessAlgorithm,122010120,1,0,0,0.0009765625
164,OnlyZerosAlgorithm,122010120,0,0,1,0.0009763240814208984
164,MultiArmedBanditAlgorithm,122010120,0,0,1,0.0009768009185791016
164,MAMLReptileAlgorithm,122010120,0,0,1,0.10936784744262695
164,SATAlgorithm,122010120,0,0,1,0.007811784744262695
165,RandomGuessAlgorithm,112002100,2,0,0,0.0
165,OnlyZerosAlgorithm,112002100,0,0,1,0.0009763240814208984
165,MultiArmedBanditAlgorithm,112002100,0,0,1,0.0009768009185791016
165,MAMLReptileAlgorithm,112002100,0,0,1,0.10936784744262695
165,SATAlgorithm,112002100,0,0,1,0.010741710662841797
166,RandomGuessAlgorithm,000121210,0,0,1,0.0009765625
166,OnlyZerosAlgorithm,000121210,0,0,1,0.0009760856628417969
166,MultiArmedBanditAlgorithm,000121210,0,0,1,0.0009765625
166,MAMLReptileAlgorithm,000121210,0,0,1,0.10741543769836426
166,SATAlgorithm,000121210,0,0,1,0.008789539337158203
167,RandomGuessAlgorithm,200112012,3,0,0,0.0009760856628417969
167,OnlyZerosAlgorithm,200112012,0,0,1,0.0009763240814208984
167,MultiArmedBanditAlgorithm,200112012,0,0,1,0.0009765625
167,MAMLReptileAlgorithm,200112012,0,0,1,0.10741400718688965
167,SATAlgorithm,200112012,0,0,1,0.008790016174316406
168,RandomGuessAlgorithm,211121022,3,2,0,0.0009760856628417969
168,OnlyZerosAlgorithm,211121022,0,2,0,0.0
168,MultiArmedBanditAlgorithm,211121022,0,2,0,0.0
168,MAMLReptileAlgorithm,211121022,2,2,1,0.10762786865234375
168,SATAlgorithm,211121022,0,2,0,0.008789300918579102
169,RandomGuessAlgorithm,001212211,0,0,1,0.0009765625
169,OnlyZerosAlgorithm,001212211,0,0,1,0.0
169,MultiArmedBanditAlgorithm,001212211,0,0,1,0.0
169,MAMLReptileAlgorithm,001212211,0,0,1,0.11037683486938477
169,SATAlgorithm,001212211,0,0,1,0.0009765625
170,RandomGuessAlgorithm,201201010,0,0,1,0.0010256767272949219
170,OnlyZerosAlgorithm,201201010,0,0,1,0.0
170,MultiArmedBanditAlgorithm,201201010,0,0,1,0.0009386539459228516
170,MAMLReptileAlgorithm,201201010,0,0,1,0.1079556941986084
170,SATAlgorithm,201201010,0,0,1,0.008787870407104492
171,RandomGuessAlgorithm,012121000,4,0,0,0.0009770393371582031
171,OnlyZerosAlgorithm,012121000,0,0,1,0.0
171,MultiArmedBanditAlgorithm,012121000,0,0,1,0.0
171,MAMLReptileAlgorithm,012121000,0,0,1,0.1093907356262207
171,SATAlgorithm,012121000,0,0,1,0.19434404373168945
172,RandomGuessAlgorithm,101210022,1,0,0,0.0009760856628417969
172,OnlyZerosAlgorithm,101210022,0,0,1,0.0
172,MultiArmedBanditAlgorithm,101210022,0,0,1,0.0
172,MAMLReptileAlgorithm,101210022,0,0,1,0.11229705810546875
172,SATAlgorithm,101210022,0,0,1,0.010741233825683594
173,RandomGuessAlgorithm,102002001,2,0,0,0.0009772777557373047
173,OnlyZerosAlgorithm,102002001,0,0,1,0.0
173,MultiArmedBanditAlgorithm,102002001,0,0,1,0.0009772777557373047
173,MAMLReptileAlgorithm,102002001,0,0,1,0.11328125
173,SATAlgorithm,102002001,0,0,1,0.0019533634185791016
174,RandomGuessAlgorithm,221102001,1,0,0,0.0009758472442626953
174,OnlyZerosAlgorithm,221102001,0,0,1,0.0009758472442626953
174,MultiArmedBanditAlgorithm,221102001,0,0,1,0.0009772777557373047
174,MAMLReptileAlgorithm,221102001,0,0,1,0.11229634284973145
174,SATAlgorithm,221102001,0,0,1,0.008789777755737305
175,RandomGuessAlgorithm,201112221,3,0,0,0.0009756088256835938
175,OnlyZerosAlgorithm,201112221,0,0,1,0.0009760856628417969
175,MultiArmedBanditAlgorithm,201112221,0,0,1,0.0
175,MAMLReptileAlgorithm,201112221,0,0,1,0.11229658126831055
175,SATAlgorithm,201112221,0,0,1,0.008788347244262695
176,RandomGuessAlgorithm,111122200,4,1,0,0.0009765625
176,OnlyZerosAlgorithm,111122200,0,1,0,0.0009763240814208984
176,MultiArmedBanditAlgorithm,111122200,0,1,0,0.0009765625
176,MAMLReptileAlgorithm,111122200,0,1,0,0.11322164535522461
176,SATAlgorithm,111122200,0,1,0,0.008788347244262695
177,RandomGuessAlgorithm,211001122,1,0,0,0.0009765625
177,OnlyZerosAlgorithm,211001122,0,0,1,0.0009765625
177,MultiArmedBanditAlgorithm,211001122,0,0,1,0.0
177,MAMLReptileAlgorithm,211001122,0,0,1,0.11560630798339844
177,SATAlgorithm,211001122,0,0,1,0.007811069488525391
178,RandomGuessAlgorithm,000211210,3,0,0,0.0009775161743164062
178,OnlyZerosAlgorithm,000211210,0,0,1,0.0009760856628417969
178,MultiArmedBanditAlgorithm,000211210,0,0,1,0.0
178,MAMLReptileAlgorithm,000211210,0,0,1,0.11328649520874023
178,SATAlgorithm,000211210,0,0,1,0.007811784744262695
179,RandomGuessAlgorithm,121220010,0,0,1,0.0
179,OnlyZerosAlgorithm,121220010,0,0,1,0.0009756088256835938
179,MultiArmedBanditAlgorithm,121220010,0,0,1,0.0009768009185791016
179,MAMLReptileAlgorithm,121220010,0,0,1,0.11632871627807617
179,SATAlgorithm,121220010,0,0,1,0.008788824081420898
180,RandomGuessAlgorithm,212121102,3,2,0,0.0009763240814208984
180,OnlyZerosAlgorithm,212121102,0,2,0,0.0009765625
180,MultiArmedBanditAlgorithm,212121102,0,2,0,0.0009768009185791016
180,MAMLReptileAlgorithm,212121102,1,2,0,0.11525106430053711
180,SATAlgorithm,212121102,0,2,0,0.0078122615814208984
181,RandomGuessAlgorithm,211221100,3,0,0,0.0009768009185791016
181,OnlyZerosAlgorithm,211221100,0,0,1,0.0009760856628417969
181,MultiArmedBanditAlgorithm,211221100,0,0,1,0.0
181,MAMLReptileAlgorithm,211221100,0,0,1,0.11550378799438477
181,SATAlgorithm,211221100,0,0,1,0.00977015495300293
182,RandomGuessAlgorithm,210100000,0,0,1,0.0009775161743164062
182,OnlyZerosAlgorithm,210100000,0,0,1,0.0009760856628417969
182,MultiArmedBanditAlgorithm,210100000,0,0,1,0.0
182,MAMLReptileAlgorithm,210100000,0,0,1,0.11836457252502441
182,SATAlgorithm,210100000,0,0,1,0.008787155151367188
183,RandomGuessAlgorithm,010122010,1,0,0,0.0009765625
183,OnlyZerosAlgorithm,010122010,0,0,1,0.0009763240814208984
183,MultiArmedBanditAlgorithm,010122010,0,0,1,0.0009765625
183,MAMLReptileAlgorithm,010122010,0,0,1,0.12303900718688965
183,SATAlgorithm,010122010,0,0,1,0.008788347244262695
184,RandomGuessAlgorithm,102012010,3,0,0,0.0009768009185791016
184,OnlyZerosAlgorithm,102012010,0,0,1,0.0009763240814208984
184,MultiArmedBanditAlgorithm,102012010,0,0,1,0.0009768009185791016
184,MAMLReptileAlgorithm,102012010,0,0,1,0.11717963218688965
184,SATAlgorithm,102012010,0,0,1,0.008791685104370117
185,RandomGuessAlgorithm,011022010,4,0,0,0.0009746551513671875
185,OnlyZerosAlgorithm,011022010,0,0,1,0.0009765625
185,MultiArmedBanditAlgorithm,011022010,0,0,1,0.0
185,MAMLReptileAlgorithm,011022010,0,0,1,0.11807680130004883
185,SATAlgorithm,011022010,0,0,1,0.0009768009185791016
186,RandomGuessAlgorithm,120100120,3,1,0,0.0
186,OnlyZerosAlgorithm,120100120,0,1,0,0.000978708267211914
186,MultiArmedBanditAlgorithm,120100120,0,1,0,0.0
186,MAMLReptileAlgorithm,120100120,0,1,0,0.12109136581420898
186,SATAlgorithm,120100120,0,1,0,0.010741472244262695
187,RandomGuessAlgorithm,122011021,4,1,0,0.000978231430053711
187,OnlyZerosAlgorithm,122011021,0,1,0,0.0009753704071044922
187,MultiArmedBanditAlgorithm,122011021,0,1,0,0.0
187,MAMLReptileAlgorithm,122011021,0,1,0,0.12569570541381836
187,SATAlgorithm,122011021,0,1,0,0.008788824081420898
188,RandomGuessAlgorithm,120120201,3,0,0,0.0009765625
188,OnlyZerosAlgorithm,120120201,0,0,1,0.0009770393371582031
188,MultiArmedBanditAlgorithm,120120201,0,0,1,0.0009765625
188,MAMLReptileAlgorithm,120120201,0,0,1,0.12207937240600586
188,SATAlgorithm,120120201,0,0,1,0.0087890625
189,RandomGuessAlgorithm,110200002,0,0,1,0.0009770393371582031
189,OnlyZerosAlgorithm,110200002,0,0,1,0.0009772777557373047
189,MultiArmedBanditAlgorithm,110200002,0,0,1,0.0009763240814208984
189,MAMLReptileAlgorithm,110200002,0,0,1,0.12206077575683594
189,SATAlgorithm,110200002,0,0,1,0.009772539138793945
190,RandomGuessAlgorithm,112010200,0,0,1,0.0
190,OnlyZerosAlgorithm,112010200,0,0,1,0.0
190,MultiArmedBanditAlgorithm,112010200,0,0,1,0.0009744167327880859
190,MAMLReptileAlgorithm,112010200,1,0,0,0.12015056610107422
190,SATAlgorithm,112010200,0,0,1,0.009203910827636719
191,RandomGuessAlgorithm,012211122,0,0,1,0.0009775161743164062
191,OnlyZerosAlgorithm,012211122,0,0,1,0.0010113716125488281
191,MultiArmedBanditAlgorithm,012211122,0,0,1,0.0
191,MAMLReptileAlgorithm,012211122,0,0,1,0.12246823310852051
191,SATAlgorithm,012211122,0,0,1,0.0087890625
192,RandomGuessAlgorithm,211221001,1,1,1,0.0009763240814208984
192,OnlyZerosAlgorithm,211221001,0,1,0,0.0009768009185791016
192,MultiArmedBanditAlgorithm,211221001,0,1,0,0.0
192,MAMLReptileAlgorithm,211221001,0,1,0,0.12119340896606445
192,SATAlgorithm,211221001,0,1,0,0.008788347244262695
193,RandomGuessAlgorithm,121200021,2,0,0,0.0009770393371582031
193,OnlyZerosAlgorithm,121200021,0,0,1,0.0009765625
193,MultiArmedBanditAlgorithm,121200021,0,0,1,0.0
193,MAMLReptileAlgorithm,121200021,0,0,1,0.12601757049560547
193,SATAlgorithm,121200021,0,0,1,0.008788824081420898
194,RandomGuessAlgorithm,212000011,0,0,1,0.001953125
194,OnlyZerosAlgorithm,212000011,0,0,1,0.0
194,MultiArmedBanditAlgorithm,212000011,0,0,1,0.0009765625
194,MAMLReptileAlgorithm,212000011,0,0,1,0.12792110443115234
194,SATAlgorithm,212000011,0,0,1,0.0078122615814208984
195,RandomGuessAlgorithm,002210110,1,0,0,0.0009770393371582031
195,OnlyZerosAlgorithm,002210110,0,0,1,0.0009758472442626953
195,MultiArmedBanditAlgorithm,002210110,0,0,1,0.0009765625
195,MAMLReptileAlgorithm,002210110,0,0,1,0.12694501876831055
195,SATAlgorithm,002210110,0,0,1,0.009765148162841797
196,RandomGuessAlgorithm,101001220,3,0,0,0.0009765625
196,OnlyZerosAlgorithm,101001220,0,0,1,0.0
196,MultiArmedBanditAlgorithm,101001220,0,0,1,0.0009768009185791016
196,MAMLReptileAlgorithm,101001220,0,0,1,0.12412643432617188
196,SATAlgorithm,101001220,0,0,1,0.0078122615814208984
197,RandomGuessAlgorithm,001010020,2,0,0,0.0
197,OnlyZerosAlgorithm,001010020,0,0,1,0.0009765625
197,MultiArmedBanditAlgorithm,001010020,0,0,1,0.0009768009185791016
197,MAMLReptileAlgorithm,001010020,0,0,1,0.1269688606262207
197,SATAlgorithm,001010020,0,0,1,0.009764909744262695
198,RandomGuessAlgorithm,010002120,2,0,0,0.0
198,OnlyZerosAlgorithm,010002120,0,0,1,0.0009763240814208984
198,MultiArmedBanditAlgorithm,010002120,2,0,0,0.0009770393371582031
198,MAMLReptileAlgorithm,010002120,0,0,1,0.12689781188964844
198,SATAlgorithm,010002120,0,0,1,0.008787870407104492
199,RandomGuessAlgorithm,111221212,0,1,0,0.0009770393371582031
199,OnlyZerosAlgorithm,111221212,0,1,0,0.0009765625
199,MultiArmedBanditAlgorithm,111221212,0,1,0,0.0009768009185791016
199,MAMLReptileAlgorithm,111221212,2,1,0,0.1258680820465088
199,SATAlgorithm,111221212,0,1,0,0.008788347244262695
200,RandomGuessAlgorithm,012010000,0,0,1,0.0009768009185791016
200,OnlyZerosAlgorithm,012010000,0,0,1,0.0009763240814208984
200,MultiArmedBanditAlgorithm,012010000,0,0,1,0.0
200,MAMLReptileAlgorithm,012010000,0,0,1,0.13475728034973145
200,SATAlgorithm,012010000,0,0,1,0.008787870407104492
201,RandomGuessAlgorithm,020211102,3,0,0,0.0
201,OnlyZerosAlgorithm,020211102,0,0,1,0.0009765625
201,MultiArmedBanditAlgorithm,020211102,0,0,1,0.0009765625
201,MAMLReptileAlgorithm,020211102,1,0,0,0.13475728034973145
201,SATAlgorithm,020211102,0,0,1,0.009764671325683594
202,RandomGuessAlgorithm,012212100,3,0,0,0.0009765625
202,OnlyZerosAlgorithm,012212100,0,0,1,0.0009765625
202,MultiArmedBanditAlgorithm,012212100,0,0,1,0.0009765625
202,MAMLReptileAlgorithm,012212100,0,0,1,0.13475680351257324
202,SATAlgorithm,012212100,0,0,1,0.009765148162841797
203,RandomGuessAlgorithm,010010002,1,0,0,0.0009763240814208984
203,OnlyZerosAlgorithm,010010002,0,0,1,0.0
203,MultiArmedBanditAlgorithm,010010002,0,0,1,0.0009768009185791016
203,MAMLReptileAlgorithm,010010002,0,0,1,0.13182759284973145
203,SATAlgorithm,010010002,0,0,1,0.008788824081420898
204,RandomGuessAlgorithm,010022011,1,0,0,0.0009763240814208984
204,OnlyZerosAlgorithm,010022011,0,0,1,0.0009770393371582031
204,MultiArmedBanditAlgorithm,010022011,0,0,1,0.0
204,MAMLReptileAlgorithm,010022011,0,0,1,0.1323394775390625
204,SATAlgorithm,010022011,0,0,1,0.010740041732788086
205,RandomGuessAlgorithm,100221120,2,0,0,0.0009768009185791016
205,OnlyZerosAlgorithm,100221120,0,0,1,0.0009760856628417969
205,MultiArmedBanditAlgorithm,100221120,0,0,1,0.0
205,MAMLReptileAlgorithm,100221120,0,0,1,0.13182353973388672
205,SATAlgorithm,100221120,0,0,1,0.008790969848632812
206,RandomGuessAlgorithm,021211200,3,0,0,0.0009746551513671875
206,OnlyZerosAlgorithm,021211200,0,0,1,0.0
206,MultiArmedBanditAlgorithm,021211200,0,0,1,0.0009768009185791016
206,MAMLReptileAlgorithm,021211200,0,0,1,0.13186335563659668
206,SATAlgorithm,021211200,0,0,1,0.008789777755737305
207,RandomGuessAlgorithm,010101022,3,0,0,0.0009751319885253906
207,OnlyZerosAlgorithm,010101022,0,0,1,0.0
207,MultiArmedBanditAlgorithm,010101022,0,0,1,0.0009763240814208984
207,MAMLReptileAlgorithm,010101022,0,0,1,0.13187241554260254
207,SATAlgorithm,010101022,0,0,1,0.008788824081420898
208,RandomGuessAlgorithm,101212002,2,0,0,0.0009763240814208984
208,OnlyZerosAlgorithm,101212002,0,0,1,0.0
208,MultiArmedBanditAlgorithm,101212002,0,0,1,0.0
208,MAMLReptileAlgorithm,101212002,0,0,1,0.13671112060546875
208,SATAlgorithm,101212002,0,0,1,0.008787155151367188
209,RandomGuessAlgorithm,100221121,2,0,0,0.0009770393371582031
209,OnlyZerosAlgorithm,100221121,0,0,1,0.0009763240814208984
209,MultiArmedBanditAlgorithm,100221121,0,0,1,0.0009756088256835938
209,MAMLReptileAlgorithm,100221121,0,0,1,0.1367168426513672
209,SATAlgorithm,100221121,0,0,1,0.0087890625
210,RandomGuessAlgorithm,221011210,3,0,0,0.0
210,OnlyZerosAlgorithm,221011210,0,0,1,0.0009760856628417969
210,MultiArmedBanditAlgorithm,221011210,0,0,1,0.0009763240814208984
210,MAMLReptileAlgorithm,221011210,0,0,1,0.14180684089660645
210,SATAlgorithm,221011210,0,0,1,0.008788108825683594
211,RandomGuessAlgorithm,110120002,4,0,0,0.0009763240814208984
211,OnlyZerosAlgorithm,110120002,0,0,1,0.0009763240814208984
211,MultiArmedBanditAlgorithm,110120002,0,0,1,0.0009770393371582031
211,MAMLReptileAlgorithm,110120002,0,0,1,0.13768672943115234
211,SATAlgorithm,110120002,0,0,1,0.011717557907104492
212,RandomGuessAlgorithm,121011022,4,0,0,0.0009765625
212,OnlyZerosAlgorithm,121011022,0,0,1,0.0
212,MultiArmedBanditAlgorithm,121011022,0,0,1,0.0009770393371582031
212,MAMLReptileAlgorithm,121011022,1,0,0,0.13673138618469238
212,SATAlgorithm,121011022,0,0,1,0.008795499801635742
213,RandomGuessAlgorithm,120011022,4,0,0,0.0
213,OnlyZerosAlgorithm,120011022,0,0,1,0.0009765625
213,MultiArmedBanditAlgorithm,120011022,0,0,1,0.0009758472442626953
213,MAMLReptileAlgorithm,120011022,0,0,1,0.13671612739562988
213,SATAlgorithm,120011022,0,0,1,0.009765148162841797
214,RandomGuessAlgorithm,211021020,0,0,1,0.0009763240814208984
214,OnlyZerosAlgorithm,211021020,0,0,1,0.0
214,MultiArmedBanditAlgorithm,211021020,0,0,1,0.0
214,MAMLReptileAlgorithm,211021020,2,0,0,0.13768649101257324
214,SATAlgorithm,211021020,0,0,1,0.009764671325683594
215,RandomGuessAlgorithm,021100210,1,0,0,0.0009765625
215,OnlyZerosAlgorithm,021100210,0,0,1,0.0009765625
215,MultiArmedBanditAlgorithm,021100210,0,0,1,0.0009765625
215,MAMLReptileAlgorithm,021100210,0,0,1,0.13866329193115234
215,SATAlgorithm,021100210,0,0,1,0.008788585662841797
216,RandomGuessAlgorithm,120210000,3,0,0,0.0009768009185791016
216,OnlyZerosAlgorithm,120210000,0,0,1,0.0009760856628417969
216,MultiArmedBanditAlgorithm,120210000,0,0,1,0.0
216,MAMLReptileAlgorithm,120210000,0,0,1,0.14159274101257324
216,SATAlgorithm,120210000,0,0,1,0.009765148162841797
217,RandomGuessAlgorithm,102012210,4,0,0,0.0
217,OnlyZerosAlgorithm,102012210,0,0,1,0.0
217,MultiArmedBanditAlgorithm,102012210,0,0,1,0.0009763240814208984
217,MAMLReptileAlgorithm,102012210,0,0,1,0.1402747631072998
217,SATAlgorithm,102012210,0,0,1,0.009765625
218,RandomGuessAlgorithm,020020111,3,1,0,0.0009756088256835938
218,OnlyZerosAlgorithm,020020111,0,1,0,0.000978231430053711
218,MultiArmedBanditAlgorithm,020020111,0,1,0,0.0
218,MAMLReptileAlgorithm,020020111,0,1,0,0.14143013954162598
218,SATAlgorithm,020020111,0,1,0,0.01269388198852539
219,RandomGuessAlgorithm,011102221,4,0,0,0.0009765625
219,OnlyZerosAlgorithm,011102221,0,0,1,0.0009768009185791016
219,MultiArmedBanditAlgorithm,011102221,0,0,1,0.0009760856628417969
219,MAMLReptileAlgorithm,011102221,0,0,1,0.14250874519348145
219,SATAlgorithm,011102221,0,0,1,0.010012388229370117
220,RandomGuessAlgorithm,000110122,1,0,0,0.0009381771087646484
220,OnlyZerosAlgorithm,000110122,0,0,1,0.0
220,MultiArmedBanditAlgorithm,000110122,0,0,1,0.0009765625
220,MAMLReptileAlgorithm,000110122,0,0,1,0.14554357528686523
220,SATAlgorithm,000110122,0,0,1,0.009766340255737305
221,RandomGuessAlgorithm,102112212,2,2,1,0.0009753704071044922
221,OnlyZerosAlgorithm,102112212,0,2,0,0.0009775161743164062
221,MultiArmedBanditAlgorithm,102112212,0,2,0,0.0009760856628417969
221,MAMLReptileAlgorithm,102112212,1,2,0,0.14256858825683594
221,SATAlgorithm,102112212,0,2,0,0.008789777755737305
222,RandomGuessAlgorithm,110012020,1,0,0,0.0009763240814208984
222,OnlyZerosAlgorithm,110012020,0,0,1,0.0
222,MultiArmedBanditAlgorithm,110012020,0,0,1,0.0
222,MAMLReptileAlgorithm,110012020,0,0,1,0.141618013381958
222,SATAlgorithm,110012020,0,0,1,0.008794546127319336
223,RandomGuessAlgorithm,002020101,2,0,0,0.0009775161743164062
223,OnlyZerosAlgorithm,002020101,0,0,1,0.0009765625
223,MultiArmedBanditAlgorithm,002020101,0,0,1,0.0009791851043701172
223,MAMLReptileAlgorithm,002020101,0,0,1,0.14100861549377441
223,SATAlgorithm,002020101,0,0,1,0.009765386581420898
224,RandomGuessAlgorithm,121001020,4,0,0,0.0009765625
224,OnlyZerosAlgorithm,121001020,0,0,1,0.0009770393371582031
224,MultiArmedBanditAlgorithm,121001020,0,0,1,0.0
224,MAMLReptileAlgorithm,121001020,0,0,1,0.14542460441589355
224,SATAlgorithm,121001020,0,0,1,0.0087890625
225,RandomGuessAlgorithm,211010122,1,1,1,0.0009770393371582031
225,OnlyZerosAlgorithm,211010122,0,1,0,0.0
225,MultiArmedBanditAlgorithm,211010122,0,1,0,0.0009777545928955078
225,MAMLReptileAlgorithm,211010122,1,1,1,0.14453125
225,SATAlgorithm,211010122,0,1,0,0.011718273162841797
226,RandomGuessAlgorithm,121112220,2,0,0,0.0009765625
226,OnlyZerosAlgorithm,121112220,0,0,1,0.0
226,MultiArmedBanditAlgorithm,121112220,0,0,1,0.0009763240814208984
226,MAMLReptileAlgorithm,121112220,1,0,0,0.14552545547485352
226,SATAlgorithm,121112220,0,0,1,0.1965951919555664
227,RandomGuessAlgorithm,012100021,3,0,0,0.0
227,OnlyZerosAlgorithm,012100021,0,0,1,0.0009765625
227,MultiArmedBanditAlgorithm,012100021,0,0,1,0.0009765625
227,MAMLReptileAlgorithm,012100021,0,0,1,0.14940404891967773
227,SATAlgorithm,012100021,0,0,1,0.008789300918579102
228,RandomGuessAlgorithm,110200212,1,0,0,0.0
228,OnlyZerosAlgorithm,110200212,0,0,1,0.0009768009185791016
228,MultiArmedBanditAlgorithm,110200212,0,0,1,0.0009765625
228,MAMLReptileAlgorithm,110200212,0,0,1,0.1445770263671875
228,SATAlgorithm,110200212,0,0,1,0.008789300918579102
229,RandomGuessAlgorithm,021001002,2,0,0,0.0009765625
229,OnlyZerosAlgorithm,021001002,0,0,1,0.0
229,MultiArmedBanditAlgorithm,021001002,0,0,1,0.0009768009185791016
229,MAMLReptileAlgorithm,021001002,0,0,1,0.14760375022888184
229,SATAlgorithm,021001002,0,0,1,0.008795499801635742
230,RandomGuessAlgorithm,000011212,4,0,0,0.0009770393371582031
230,OnlyZerosAlgorithm,000011212,0,0,1,0.0009768009185791016
230,MultiArmedBanditAlgorithm,000011212,0,0,1,0.0009777545928955078
230,MAMLReptileAlgorithm,000011212,0,0,1,0.1490633487701416
230,SATAlgorithm,000011212,0,0,1,0.009765148162841797
231,RandomGuessAlgorithm,121120212,0,0,1,0.0009763240814208984
231,OnlyZerosAlgorithm,121120212,0,0,1,0.0009768009185791016
231,MultiArmedBanditAlgorithm,121120212,0,0,1,0.0
231,MAMLReptileAlgorithm,121120212,1,0,0,0.14842963218688965
231,SATAlgorithm,121120212,0,0,1,0.010739326477050781
232,RandomGuessAlgorithm,221210011,1,0,0,0.0
232,OnlyZerosAlgorithm,221210011,0,0,1,0.0
232,MultiArmedBanditAlgorithm,221210011,0,0,1,0.0009756088256835938
232,MAMLReptileAlgorithm,221210011,0,0,1,0.14940428733825684
232,SATAlgorithm,221210011,0,0,1,0.0019526481628417969
233,RandomGuessAlgorithm,211210000,2,0,0,0.0009770393371582031
233,OnlyZerosAlgorithm,211210000,0,0,1,0.0009768009185791016
233,MultiArmedBanditAlgorithm,211210000,0,0,1,0.0009760856628417969
233,MAMLReptileAlgorithm,211210000,0,0,1,0.15038084983825684
233,SATAlgorithm,211210000,0,0,1,0.008788824081420898
234,RandomGuessAlgorithm,102021000,4,0,0,0.0009770393371582031
234,OnlyZerosAlgorithm,102021000,0,0,1,0.0009763240814208984
234,MultiArmedBanditAlgorithm,102021000,0,0,1,0.0
234,MAMLReptileAlgorithm,102021000,0,0,1,0.15234065055847168
234,SATAlgorithm,102021000,0,0,1,0.008788824081420898
235,RandomGuessAlgorithm,111020200,3,1,0,0.0009758472442626953
235,OnlyZerosAlgorithm,111020200,0,1,0,0.0009772777557373047
235,MultiArmedBanditAlgorithm,111020200,0,1,0,0.0
235,MAMLReptileAlgorithm,111020200,0,1,0,0.14886856079101562
235,SATAlgorithm,111020200,0,1,0,0.0097198486328125
236,RandomGuessAlgorithm,010001022,3,0,0,0.0009779930114746094
236,OnlyZerosAlgorithm,010001022,0,0,1,0.0009765625
236,MultiArmedBanditAlgorithm,010001022,0,0,1,0.0
236,MAMLReptileAlgorithm,010001022,0,0,1,0.15459203720092773
236,SATAlgorithm,010001022,0,0,1,0.009763717651367188
237,RandomGuessAlgorithm,002210011,3,0,0,0.0009768009185791016
237,OnlyZerosAlgorithm,002210011,0,0,1,0.0009777545928955078
237,MultiArmedBanditAlgorithm,002210011,0,0,1,0.0
237,MAMLReptileAlgorithm,002210011,0,0,1,0.153334379196167
237,SATAlgorithm,002210011,0,0,1,0.009043455123901367
238,RandomGuessAlgorithm,002211210,0,0,1,0.0009760856628417969
238,OnlyZerosAlgorithm,002211210,0,0,1,0.0009763240814208984
238,MultiArmedBanditAlgorithm,002211210,0,0,1,0.0
238,MAMLReptileAlgorithm,002211210,0,0,1,0.15168213844299316
238,SATAlgorithm,002211210,0,0,1,0.010741233825683594
239,RandomGuessAlgorithm,001112221,2,0,0,0.0009777545928955078
239,OnlyZerosAlgorithm,001112221,0,0,1,0.0
239,MultiArmedBanditAlgorithm,001112221,0,0,1,0.0
239,MAMLReptileAlgorithm,001112221,0,0,1,0.15343117713928223
239,SATAlgorithm,001112221,0,0,1,0.009765386581420898
240,RandomGuessAlgorithm,010002210,1,0,0,0.0009768009185791016
240,OnlyZerosAlgorithm,010002210,0,0,1,0.0009765625
240,MultiArmedBanditAlgorithm,010002210,0,0,1,0.0
240,MAMLReptileAlgorithm,010002210,0,0,1,0.15624761581420898
240,SATAlgorithm,010002210,0,0,1,0.010740041732788086
241,RandomGuessAlgorithm,122112001,3,1,0,0.0009763240814208984
241,OnlyZerosAlgorithm,122112001,0,1,0,0.0009770393371582031
241,MultiArmedBanditAlgorithm,122112001,0,1,0,0.0009760856628417969
241,MAMLReptileAlgorithm,122112001,0,1,0,0.15526342391967773
241,SATAlgorithm,122112001,0,1,0,0.008788585662841797
242,RandomGuessAlgorithm,201211120,3,1,0,0.0009772777557373047
242,OnlyZerosAlgorithm,201211120,0,1,0,0.0
242,MultiArmedBanditAlgorithm,201211120,0,1,0,0.0
242,MAMLReptileAlgorithm,201211120,0,1,0,0.15470480918884277
242,SATAlgorithm,201211120,0,1,0,0.009770631790161133
243,RandomGuessAlgorithm,001022101,3,0,0,0.0009765625
243,OnlyZerosAlgorithm,001022101,0,0,1,0.0009770393371582031
243,MultiArmedBanditAlgorithm,001022101,0,0,1,0.0
243,MAMLReptileAlgorithm,001022101,0,0,1,0.15439367294311523
243,SATAlgorithm,001022101,0,0,1,0.009765386581420898
244,RandomGuessAlgorithm,122100201,0,0,1,0.0
244,OnlyZerosAlgorithm,122100201,0,0,1,0.0009768009185791016
244,MultiArmedBanditAlgorithm,122100201,0,0,1,0.0009768009185791016
244,MAMLReptileAlgorithm,122100201,1,0,0,0.16126227378845215
244,SATAlgorithm,122100201,0,0,1,0.011717796325683594
245,RandomGuessAlgorithm,121200021,3,0,0,0.0009760856628417969
245,OnlyZerosAlgorithm,121200021,0,0,1,0.0009763240814208984
245,MultiArmedBanditAlgorithm,121200021,0,0,1,0.0009763240814208984
245,MAMLReptileAlgorithm,121200021,0,0,1,0.16307520866394043
245,SATAlgorithm,121200021,0,0,1,0.0009765625
246,RandomGuessAlgorithm,201101122,2,0,0,0.0
246,OnlyZerosAlgorithm,201101122,0,0,1,0.0009763240814208984
246,MultiArmedBanditAlgorithm,201101122,0,0,1,0.0009763240814208984
246,MAMLReptileAlgorithm,201101122,0,0,1,0.16014623641967773
246,SATAlgorithm,201101122,0,0,1,0.008788585662841797
247,RandomGuessAlgorithm,022010110,2,0,0,0.0
247,OnlyZerosAlgorithm,022010110,0,0,1,0.0009753704071044922
247,MultiArmedBanditAlgorithm,022010110,0,0,1,0.0009777545928955078
247,MAMLReptileAlgorithm,022010110,0,0,1,0.16014456748962402
247,SATAlgorithm,022010110,0,0,1,0.0009763240814208984
248,RandomGuessAlgorithm,100020211,1,0,0,0.0009775161743164062
248,OnlyZerosAlgorithm,100020211,0,0,1,0.0
248,MultiArmedBanditAlgorithm,100020211,0,0,1,0.0009763240814208984
248,MAMLReptileAlgorithm,100020211,0,0,1,0.16210174560546875
248,SATAlgorithm,100020211,0,0,1,0.009764909744262695
249,RandomGuessAlgorithm,121210020,3,0,0,0.0009770393371582031
249,OnlyZerosAlgorithm,121210020,0,0,1,0.0
249,MultiArmedBanditAlgorithm,121210020,0,0,1,0.0
249,MAMLReptileAlgorithm,121210020,0,0,1,0.15819263458251953
249,SATAlgorithm,121210020,0,0,1,0.009766101837158203
250,RandomGuessAlgorithm,010110220,2,0,0,0.0009765625
250,OnlyZerosAlgorithm,010110220,0,0,1,0.0
250,MultiArmedBanditAlgorithm,010110220,0,0,1,0.0
250,MAMLReptileAlgorithm,010110220,0,0,1,0.16014480590820312
250,SATAlgorithm,010110220,0,0,1,0.011719465255737305
251,RandomGuessAlgorithm,100221112,1,0,0,0.0009753704071044922
251,OnlyZerosAlgorithm,100221112,0,0,1,0.0
251,MultiArmedBanditAlgorithm,100221112,0,0,1,0.0009772777557373047
251,MAMLReptileAlgorithm,100221112,0,0,1,0.16147851943969727
251,SATAlgorithm,100221112,0,0,1,0.0009770393371582031
252,RandomGuessAlgorithm,000021210,4,0,0,0.0
252,OnlyZerosAlgorithm,000021210,0,0,1,0.0009748935699462891
252,MultiArmedBanditAlgorithm,000021210,0,0,1,0.0009765625
252,MAMLReptileAlgorithm,000021210,0,0,1,0.15920424461364746
252,SATAlgorithm,000021210,0,0,1,0.009765386581420898
253,RandomGuessAlgorithm,011210212,2,1,0,0.0
253,OnlyZerosAlgorithm,011210212,0,1,0,0.0
253,MultiArmedBanditAlgorithm,011210212,0,1,0,0.0009768009185791016
253,MAMLReptileAlgorithm,011210212,0,1,0,0.15923118591308594
253,SATAlgorithm,011210212,0,1,0,0.010741472244262695
254,RandomGuessAlgorithm,000121021,4,0,0,0.0
254,OnlyZerosAlgorithm,000121021,0,0,1,0.0
254,MultiArmedBanditAlgorithm,000121021,0,0,1,0.0009770393371582031
254,MAMLReptileAlgorithm,000121021,0,0,1,0.16310930252075195
254,SATAlgorithm,000121021,0,0,1,0.009802579879760742
255,RandomGuessAlgorithm,222011121,2,2,1,0.0009765625
255,OnlyZerosAlgorithm,222011121,0,2,0,0.0
255,MultiArmedBanditAlgorithm,222011121,0,2,0,0.0009768009185791016
255,MAMLReptileAlgorithm,222011121,1,2,0,0.1611940860748291
255,SATAlgorithm,222011121,0,2,0,0.010741233825683594
256,RandomGuessAlgorithm,010201122,1,0,0,0.0009768009185791016
256,OnlyZerosAlgorithm,010201122,0,0,1,0.0009775161743164062
256,MultiArmedBanditAlgorithm,010201122,0,0,1,0.0
256,MAMLReptileAlgorithm,010201122,0,0,1,0.16600394248962402
256,SATAlgorithm,010201122,0,0,1,0.011717557907104492
257,RandomGuessAlgorithm,221211100,4,1,0,0.0009765625
257,OnlyZerosAlgorithm,221211100,0,1,0,0.0
257,MultiArmedBanditAlgorithm,221211100,0,1,0,0.0
257,MAMLReptileAlgorithm,221211100,0,1,0,0.16698169708251953
257,SATAlgorithm,221211100,0,1,0,0.009765386581420898
258,RandomGuessAlgorithm,201112221,0,0,1,0.0009763240814208984
258,OnlyZerosAlgorithm,201112221,0,0,1,0.0
258,MultiArmedBanditAlgorithm,201112221,0,0,1,0.0
